Nickname,Defender Score,Attacker Score,Time (sec),Winner,Level,Nickname
u20444550,8.0,5.0,138.0,Defender,Expert
u20444550,8.0,5.0,137.0,Defender,Expert
u20444550,10.0,3.0,118.0,Defender,Expert
u20444550,8.0,5.0,112.0,Defender,Expert
u20444550,9.0,4.0,107.0,Defender,Expert
u20444550,9.0,4.0,105.0,Defender,Expert
u20444550,8.0,5.0,103.0,Defender,Expert
u20444550,8.0,5.0,103.0,Defender,Expert
u20444550,10.0,3.0,220.0,Defender,Beginner
u20444550,6.0,7.0,209.0,Attacker,Beginner
u20444550,4.0,9.0,128.0,Attacker,Beginner
u21791938,10.0,3.0,197.0,Defender,Intermediate
u21791938,9.0,4.0,187.0,Defender,Intermediate
u21791938,8.0,5.0,178.0,Defender,Intermediate
u21791938,10.0,3.0,166.0,Defender,Intermediate
u21791938,4.0,9.0,261.0,Attacker,Beginner
u21791938,8.0,5.0,220.0,Defender,Beginner
u21791938,8.0,5.0,214.0,Defender,Beginner
u21791938,7.0,6.0,207.0,Defender,Beginner
u21791938,6.0,7.0,201.0,Attacker,Beginner
u21791938,5.0,8.0,184.0,Attacker,Beginner
u21791938,6.0,7.0,182.0,Attacker,Beginner
u21791938,10.0,3.0,197.0,Defender,Intermediate
u21791938,9.0,4.0,187.0,Defender,Intermediate
u21791938,8.0,5.0,178.0,Defender,Intermediate
u21791938,10.0,3.0,166.0,Defender,Intermediate
u21791938,4.0,9.0,261.0,Attacker,Beginner
u21791938,8.0,5.0,220.0,Defender,Beginner
u21791938,8.0,5.0,214.0,Defender,Beginner
u21791938,7.0,6.0,207.0,Defender,Beginner
u21791938,6.0,7.0,201.0,Attacker,Beginner
u21791938,5.0,8.0,184.0,Attacker,Beginner
u21791938,6.0,7.0,182.0,Attacker,Beginner
Zulu,4.0,9.0,472.0,Attacker,Beginner
ZOOL,7.0,6.0,294.0,Defender,Beginner
zuluu,6.0,7.0,290.0,Attacker,Beginner
zuloo,5.0,8.0,283.0,Attacker,Beginner
zoolu,5.0,8.0,283.0,Attacker,Beginner
zul,6.0,7.0,281.0,Attacker,Beginner
zooloo,4.0,9.0,278.0,Attacker,Beginner
zuu,6.0,7.0,278.0,Attacker,Beginner
zooll,6.0,7.0,277.0,Attacker,Beginner
zzulu,5.0,8.0,275.0,Attacker,Beginner
zullu,6.0,7.0,268.0,Attacker,Beginner
Daisy,7.0,6.0,151.0,Defender,Expert
Daisy,7.0,6.0,162.0,Defender,Intermediate
Daisy,5.0,8.0,297.0,Attacker,Beginner
Daisy,5.0,8.0,180.0,Attacker,Beginner
Daisy,6.0,7.0,151.0,Attacker,Beginner
Daisy,4.0,9.0,149.0,Attacker,Beginner
Daisy,3.0,10.0,148.0,Attacker,Beginner
Daisy,4.0,9.0,148.0,Attacker,Beginner
Daisy,4.0,9.0,147.0,Attacker,Beginner
Daisy,6.0,7.0,145.0,Attacker,Beginner
Daisy,6.0,7.0,127.0,Attacker,Beginner
mary,10.0,3.0,155.0,Defender,Expert
Moses,8.0,5.0,152.0,Defender,Expert
abraham,8.0,5.0,140.0,Defender,Expert
aaron,9.0,4.0,118.0,Defender,Expert
Tito,8.0,5.0,179.0,Defender,Intermediate
sipho,7.0,6.0,795.0,Defender,Beginner
Moses,9.0,4.0,594.0,Defender,Beginner
Ree,8.0,5.0,412.0,Defender,Beginner
Ree,5.0,8.0,336.0,Attacker,Beginner
Rachel,9.0,4.0,297.0,Defender,Beginner
Rachel,6.0,7.0,196.0,Attacker,Beginner
sithole,8.0,5.0,151.0,Defender,Expert
pink,8.0,5.0,144.0,Defender,Expert
atl,9.0,4.0,142.0,Defender,Expert
purple,8.0,5.0,136.0,Defender,Expert
blackie,9.0,4.0,136.0,Defender,Expert
parly,11.0,2.0,133.0,Defender,Expert
orange,7.0,6.0,161.0,Defender,Intermediate
love,8.0,4.0,413.0,Defender,Beginner
ts,4.0,9.0,258.0,Attacker,Beginner
doba,8.0,5.0,230.0,Defender,Beginner
tshey,6.0,7.0,203.0,Attacker,Beginner
Connor,10.0,3.0,107.0,Defender,Expert
Connor, 9.0,4.0,85.0,Defender,Expert
Connor,8.0,5.0,70.0,Defender,Expert
Connor,9.0,4.0,68.0,Defender,Expert
Connor,9.0,4.0,67.0,Defender,Expert
Connor,10.0,2.0,67.0,Defender,Expert
Connor,9.0,3.0,66.0,Defender,Expert
Connor,9.0,3.0,64.0,Defender,Expert
Connor,7.0,6.0,63.0,Defender,Expert
Connor,5.0,8.0,201.0,Attacker,Beginner
Connor,6.0,7.0,85.0,Attacker,Beginner
Sthoko,9.0,4.0,139.0,Defender,Expert
Sthoko,8.0,5.0,139.0,Defender,Expert
u19203668,8.0,5.0,126.0,Defender,Expert
u19203668,8.0,5.0,124.0,Defender,Expert
u19203668,9.0,4.0,108.0,Defender,Expert
Sthoko,8.0,5.0,105.0,Defender,Expert
u19203668,6.0,7.0,209.0,Attacker,Beginner
u19203668,5.0,8.0,168.0,Attacker,Beginner
Sthoko,5.0,8.0,158.0,Attacker,Beginner
Sthoko,6.0,7.0,147.0,Attacker,Beginner
Wisani Nkuna,9.0,4.0,142.0,Defender,Expert
Wisani Nkuna,9.0,4.0,184.0,Defender,Intermediate
Wisani Nkuna,8.0,4.0,176.0,Defender,Intermediate
Wisani Nkuna,6.0,7.0,335.0,Attacker,Beginner
Wisani Nkuna,5.0,8.0,288.0,Attacker,Beginner
Wisani Nkuna,8.0,5.0,239.0,Defender,Beginner
Wisani Nkuna,9.0,3.0,233.0,Defender,Beginner
Wisani Nkuna,9.0,4.0,213.0,Defender,Beginner
Wisani Nkuna,4.0,9.0,177.0,Attacker,Beginner
Wisani Nkuna,6.0,7.0,153.0,Attacker,Beginner
Wisani Nkuna,4.0,9.0,115.0,Attacker,Beginner
Peanut,7.0,6.0,1738.0,Defender,Beginner
CreativeMp,8.0,4.0,271.0,Defender,Beginner
cyber ranger,5.0,8.0,190.0,Attacker,Beginner
Superman,6.0,7.0,159.0,Attacker,Beginner
DragonFly,5.0,8.0,122.0,Attacker,Beginner
PyTechie,7.0,6.0,141.0,Defender,Expert
DR MIKE,7.0,6.0,139.0,Defender,Expert
Classof2024,7.0,6.0,128.0,Defender,Expert
INF791,8.0,5.0,123.0,Defender,Expert
In the Cloud,6.0,7.0,222.0,Attacker,Beginner
WINNER,4.0,9.0,141.0,Attacker,Beginner
CodeCobra,6.0,7.0,139.0,Attacker,Beginner
Student,6.0,7.0,136.0,Attacker,Beginner
Last One Standing,6.0,7.0,123.0,Attacker,Beginner
HonsINF,5.0,8.0,123.0,Attacker,Beginner
Me,5.0,8.0,111.0,Attacker,Beginner
Espy,8.0,5.0,155.0,Defender,Expert
u21501794,8.0,5.0,155.0,Defender,Expert
u21501794,9.0,4.0,90.0,Defender,Expert
u21501794,9.0,4.0,66.0,Defender,Expert
21501794,8.0,5.0,179.0,Defender,Intermediate
Espen,5.0,8.0,498.0,Attacker,Beginner
Espen,4.0,8.0,283.0,Attacker,Beginner
nepse,5.0,8.0,141.0,Attacker,Beginner
u21501794,9.0,4.0,113.0,Defender,Expert
u21501794,10.0,3.0,83.0,Defender,Expert
u21501795,9.0,4.0,87.0,Defender,Expert
Butterflyfingers,9.0,4.0,153.0,Defender,Expert
Butterflyfingers,7.0,6.0,148.0,Defender,Expert
Butterflyfingers,10.0,3.0,146.0,Defender,Expert
Butterflyfingers,9.0,4.0,143.0,Defender,Expert
Butterflyfingers,8.0,5.0,129.0,Defender,Expert
Butterflyfingers,8.0,5.0,117.0,Defender,Expert
Butterflyfingers,9.0,4.0,114.0,Defender,Expert
Butterflyfingers,10.0,3.0,113.0,Defender,Expert
Butterflyfingers,11.0,2.0,109.0,Defender,Expert
Butterflyfingers,8.0,5.0,161.0,Defender,Intermediate
Butterflyfingers,6.0,7.0,242.0,Attacker,Beginner
Unati,10.0,3.0,199.0,Defender,Intermediate
Unati,9.0,4.0,184.0,Defender,Intermediate
Unati,8.0,5.0,162.0,Defender,Intermediate
Unati,8.0,5.0,507.0,Defender,Beginner
Unati,8.0,5.0,409.0,Defender,Beginner
Unati,6.0,6.0,292.0,Draw,Beginner
Unati,9.0,4.0,283.0,Defender,Beginner
Unati,9.0,4.0,264.0,Defender,Beginner
Unati,9.0,4.0,252.0,Defender,Beginner
Unati,7.0,6.0,228.0,Defender,Beginner
Unati,8.0,5.0,202.0,Defender,Beginner
Tendani,7.0,6.0,129.0,Defender,Expert
Mike,7.0,6.0,125.0,Defender,Expert
Dani,7.0,6.0,60.0,Defender,Expert
Tendani,3.0,10.0,182.0,Attacker,Beginner
Reggie,6.0,7.0,160.0,Attacker,Beginner
Mike,6.0,7.0,118.0,Attacker,Beginner
Dani,1.0,12.0,110.0,Attacker,Beginner
Jerry,5.0,8.0,101.0,Attacker,Beginner
Tendani,3.0,10.0,97.0,Attacker,Beginner
Tendani,5.0,8.0,94.0,Attacker,Beginner
Jerry,5.0,7.0,92.0,Attacker,Beginner
Vuvu,6.0,7.0,234.0,Attacker,Beginner
VuyiTesting,5.0,8.0,181.0,Attacker,Beginner
Vuyi,3.0,10.0,175.0,Attacker,Beginner
Vuyelwa,5.0,8.0,121.0,Attacker,Beginner
CaptainMoose,7.0,6.0,132.0,Defender,Expert
CaptainMoose,7.0,6.0,164.0,Defender,Intermediate
CaptainMoose,5.0,8.0,177.0,Attacker,Beginner
CaptainMoose,3.0,10.0,151.0,Attacker,Beginner
CaptainMoose,6.0,7.0,141.0,Attacker,Beginner
CaptainMoose,5.0,8.0,101.0,Attacker,Beginner
CaptainMoose,6.0,7.0,81.0,Attacker,Beginner
CaptainMoose,3.0,9.0,80.0,Attacker,Beginner
CaptainMoose,4.0,9.0,80.0,Attacker,Beginner
CaptainMoose,6.0,7.0,79.0,Attacker,Beginner
CaptainMoose,6.0,7.0,66.0,Attacker,Beginner
Assdf,7.0,6.0,149.0,Defender,Expert
Michie,10.0,3.0,148.0,Defender,Expert
Nunnyg,9.0,4.0,146.0,Defender,Expert
Dffrt,11.0,2.0,132.0,Defender,Expert
Alif,9.0,4.0,127.0,Defender,Expert
Kelp,10.0,3.0,124.0,Defender,Expert
JRE,10.0,3.0,122.0,Defender,Expert
asdfGf,10.0,3.0,119.0,Defender,Expert
Hejjk,9.0,4.0,118.0,Defender,Expert
RealK,7.0,6.0,108.0,Defender,Expert
Vinny,7.0,6.0,238.0,Defender,Beginner
Assdf,7.0,6.0,149.0,Defender,Expert
Michie,10.0,3.0,148.0,Defender,Expert
Nunnyg,9.0,4.0,146.0,Defender,Expert
Dffrt,11.0,2.0,132.0,Defender,Expert
Alif,9.0,4.0,127.0,Defender,Expert
Kelp,10.0,3.0,124.0,Defender,Expert
JRE,10.0,3.0,122.0,Defender,Expert
asdfGf,10.0,3.0,119.0,Defender,Expert
Hejjk,9.0,4.0,118.0,Defender,Expert
RealK,7.0,6.0,108.0,Defender,Expert
Vinny,7.0,6.0,238.0,Defender,Beginner
Allie,7.0,6.0,121.0,Defender,Expert
Allie,7.0,6.0,1.0,Defender,Expert
Allie,7.0,6.0,106.0,Defender,Expert
Allie,7.0,6.0,214.0,Defender,Beginner
Allie,6.0,7.0,134.0,Attacker,Beginner
Allie,6.0,7.0,134.0,Attacker,Beginner
Allie,4.0,8.0,130.0,Attacker,Beginner
Allie,6.0,7.0,125.0,Attacker,Beginner
Allie,5.0,8.0,103.0,Attacker,Beginner
Allie,5.0,8.0,93.0,Attacker,Beginner
Allie,6.0,7.0,74.0,Attacker,Beginner
FrostByte,7.0,6.0,145.0,Defender,Expert
FrostByte,8.0,5.0,130.0,Defender,Expert
FrostByte,7.0,6.0,122.0,Defender,Expert
FrostByte,7.0,6.0,117.0,Defender,Expert
FrostByte,7.0,6.0,101.0,Defender,Expert
FrostByte,7.0,6.0,96.0,Defender,Expert
FrostByte,7.0,6.0,166.0,Defender,Intermediate
FrostByte,8.0,5.0,164.0,Defender,Intermediate
frostbyte,8.0,5.0,234.0,Defender,Beginner
Frostbyte,4.0,9.0,196.0,Attacker,Beginner
Frostbyte,5.0,8.0,172.0,Attacker,Beginner
FrostByte,6.0,7.0,127.0,Attacker,Beginner
u24804500,8.0,5.0,160.0,Defender,Expert
u24804500,8.0,5.0,145.0,Defender,Expert
u24804500,9.0,4.0,108.0,Defender,Expert
u24804500,9.0,4.0,101.0,Defender,Expert
u24804500,8.0,5.0,94.0,Defender,Expert
u24804500,12.0,1.0,86.0,Defender,Expert
u24804500,9.0,4.0,179.0,Defender,Intermediate
u24804500,9.0,4.0,174.0,Defender,Intermediate
u24804500,7.0,6.0,164.0,Defender,Intermediate
Nosipho Ndlovu,7.0,6.0,464.0,Defender,Beginner
u24804500,5.0,7.0,135.0,Attacker,Beginner
u24804500,6.0,6.0,124.0,Draw,Beginner
U21473669,9.0,4.0,135.0,Defender,Expert
U21473669,8.0,5.0,403.0,Defender,Beginner
U21473669,6.0,7.0,259.0,Attacker,Beginner
U21473669,7.0,6.0,202.0,Defender,Beginner
U21473669,5.0,8.0,145.0,Attacker,Beginner
johndoe,7.0,6.0,157.0,Defender,Expert
johndoe,8.0,5.0,112.0,Defender,Expert
johndoe,9.0,4.0,98.0,Defender,Expert
johndoe,9.0,4.0,89.0,Defender,Expert
johndoe,8.0,5.0,88.0,Defender,Expert
johndoe,9.0,4.0,87.0,Defender,Expert
johndoe,7.0,6.0,63.0,Defender,Expert
johndoe,5.0,8.0,190.0,Attacker,Beginner
johndoe,5.0,8.0,53.0,Attacker,Beginner
johndoe,6.0,7.0,51.0,Attacker,Beginner
johndoe,0.0,13.0,43.0,Attacker,Beginner
Rossouw,8.0,5.0,145.0,Defender,Expert
Rossouw,9.0,4.0,119.0,Defender,Expert
Rossouw,8.0,5.0,113.0,Defender,Expert
Rossouw,10.0,3.0,107.0,Defender,Expert
Rossouw,7.0,6.0,101.0,Defender,Expert
Rossouw,8.0,5.0,97.0,Defender,Expert
Rossouw,10.0,3.0,83.0,Defender,Expert
Rossouw,9.0,4.0,165.0,Defender,Intermediate
Rossouw,6.0,7.0,142.0,Attacker,Beginner
Rossouw,5.0,7.0,113.0,Attacker,Beginner
Rossouw,6.0,7.0,89.0,Attacker,Beginner
Nick,8.0,5.0,123.0,Defender,Expert
Kentavious,7.0,6.0,105.0,Defender,Expert
Kai,12.0,1.0,101.0,Defender,Expert
Shabba,8.0,5.0,98.0,Defender,Expert
Kgabz,7.0,6.0,177.0,Defender,Intermediate
Zainab,7.0,6.0,176.0,Defender,Intermediate
Lilitha,7.0,6.0,210.0,Defender,Beginner
Thabang Malaza,5.0,8.0,195.0,Attacker,Beginner
Miyoyo,5.0,7.0,151.0,Attacker,Beginner
Muzi,6.0,7.0,128.0,Attacker,Beginner
Joy,5.0,8.0,118.0,Attacker,Beginner
Alim01,11.0,2.0,151.0,Defender,Expert
Alim01,9.0,4.0,125.0,Defender,Expert
Alim01,7.0,6.0,104.0,Defender,Expert
Alim01,9.0,4.0,98.0,Defender,Expert
Alim01,11.0,2.0,95.0,Defender,Expert
Alim01,9.0,4.0,91.0,Defender,Expert
Alim01,7.0,6.0,177.0,Defender,Intermediate
Alim01,5.0,8.0,314.0,Attacker,Beginner
Alim01,7.0,6.0,297.0,Defender,Beginner
Alim01,5.0,8.0,165.0,Attacker,Beginner
Data Fortress,7.0,6.0,138.0,Defender,Expert
SecureNet Saga,7.0,6.0,111.0,Defender,Expert
HackShield Heroes,70,6.0,99.0,Defender,Expert
Digital Defenders,7.0,6.0,96.0,Defender,Expert
Cyber Sentine,10.0,3.0,93.0,Defender,Expert
Cryptic Crusade,7.0,6.0,82.0,Defender,Expert
Cyber Nexus,7.0,6.0,68.0,Defender,Expert
Firewall Warriors,8.0,5.0,259.0,Defender,Beginner
CyberGuardians,7.0,6.0,225.0,Defender,Beginner
Code Defenders,4.0,9.0,193.0,Attacker,Beginner
Virus Vanquishers,6.0,7.0,80.0,Attacker,Beginner
u17025886,7.0,6.0,144.0,Defender,Expert
u17025886,9.0,4.0,115.0,Defender,Expert
u17025886,10.0,3.0,110.0,Defender,Expert
u17025886,8.0,5.0,103.0,Defender,Expert
u17025886,10.0,3.0,91.0,Defender,Expert
u17025886,7.0,6.0,88.0,Defender,Expert
u17025886,8.0,5.0,86.0,Defender,Expert
u17025886,10.0,3.0,69.0,Defender,Expert
u17025886,4.0,9.0,213.0,Attacker,Beginner
u17025886,5.0,8.0,212.0,Attacker,Beginner
Caitlin,9.0,4.0,150.0,Defender,Expert
Caitlin,11.0,2.0,138.0,Defender,Expert
Caitlin,9.0,4.0,136.0,Defender,Expert
Caitlin,9.0,4.0,130.0,Defender,Expert
Caitlin,8.0,5.0,112.0,Defender,Expert
Caitlin,7.0,6.0,195.0,Defender,Intermediate
Caitlin,7.0,6.0,186.0,Defender,Intermediate
Caitlin,9.0,4.0,182.0,Defender,Intermediate
Caitlin,8.0,5.0,279.0,Defender,Beginner
Caitlin,4.0,9.0,186.0,Attacker,Beginner
Caitlin,5.0,8.0,169.0,Attacker,Beginner
Chloe,8.0,5.0,157.0,Defender,Expert
Chloe,11.0,2.0,148.0,Defender,Expert
Chloe,9.0,4.0,198.0,Defender,Intermediate
Chloe,8.0,5.0,193.0,Defender,Intermediate
Chloe,10.0,3.0,185.0,Defender,Intermediate
Chloe,10.0,3.0,178.0,Defender,Intermediate
Chloe,10.0,3.0,173.0,Defender,Intermediate
Chloe,9.0,4.0,173.0,Defender,Intermediate
Chloe,10.0,3.0,162.0,Defender,Intermediate
Chloe,7.0,6.0,211.0,Defender,Beginner
Chloe,6.0,7.0,154.0,Attacker,Beginner
Unaizah,10.0,3.0,160.0,Defender,Expert
Unaizah,9.0,4.0,157.0,Defender,Expert
Unaizah,9.0,4.0,132.0,Defender,Expert
Unaizah,8.0,4.0,132.0,Defender,Expert
Unaizah,10.0,3.0,99.0,Defender,Expert
Unaizah,9.0,4.0,188.0,Defender,Intermediate
Unaizah,7.0,6.0,186.0,Defender,Intermediate
Unaizah,9.0,4.0,186.0,Defender,Intermediate
Unaizah,5.0,8.0,257.0,Attacker,Beginner
Unaizah,4.0,9.0,206.0,Attacker,Beginner
Unaizah,5.0,8.0,174.0,Attacker,Beginner
u20442409,7.0,5.0,158.0,Defender,Expert
u20442409,10.0,3.0,155.0,Defender,Expert
u20442409,8.0,5.0,146.0,Defender,Expert
u20442409,7.0,6.0,135.0,Defender,Expert
u20442409,8.0,5.0,133.0,Defender,Expert
u20442409,7.0,6.0,130.0,Defender,Expert
u20442409,7.0,6.0,192.0,Defender,Intermediate
u20442409,5.0,8.0,350.0,Attacker,Beginner
u20442409,6.0,7.0,148.0,Attacker,Beginner
u20442409,6.0,7.0,107.0,Attacker,Beginner
u20442409,4.0,9.0,102.0,Attacker,Beginner
BlackBook1,7.0,6.0,154.0,Defender,Expert
FoolMe,9.0,4.0,151.0,Defender,Expert
BrotherSleeves,9.0,4.0,132.0,Defender,Expert
LongSleeves,9.0,4.0,127.0,Defender,Expert
Bob,9.0,4.0,122.0,Defender,Expert
JenJen,10.0,3.0,109.0,Defender,Expert
BitLocker234,11.0,2.0,108.0,Defender,Expert
Password123,9.0,4.0,103.0,Defender,Expert
Phantom122,8.0,5.0,218.0,Defender,Beginner
BlackHawk,5.0,8.0,162.0,Attacker,Beginner
BitDefender,6.0,7.0,135.0,Attacker,Beginner
Stephan,7.0,6.0,59.0,Defender,Expert
Stephan,6.0,7.0,191.0,Attacker,Beginner
Stephan,6.0,7.0,95.0,Attacker,Beginner
Stephan,4.0,9.0,83.0,Attacker,Beginner
Stephan,6.0,7.0,78.0,Attacker,Beginner
Stephan,5.0,8.0,72.0,Attacker,Beginner
Stephan,5.0,8.0,66.0,Attacker,Beginner
Stephan,4.0,8.0,63.0,Attacker,Beginner
Stephan,6.0,7.0,62.0,Attacker,Beginner
Stephan,4.0,9.0,60.0,Attacker,Beginner
Stephan,4.0,8.0,55.0,Attacker,Beginner
Herold Jones,10.0,3.0,155.0,Defender,Expert
Troy Bolton,8.0,5.0,139.0,Defender,Expert
PhoenixWrightKing,7.0,6.0,132.0,Defender,Expert
ToddHowardKiller,7.0,6.0,104.0,Defender,Expert
Unicorn Power,7.0,6.0,97.0,Defender,Expert
Troy Bolton,8.0,5.0,88.0,Defender,Expert
Unicorn Power,7.0,6.0,172.0,Defender,Intermediate
ToddHowardKiller,8.0,5.0,294.0,Defender,Beginner
FalconPunch,10.0,3.0,205.0,Defender,Beginner
PhoenixWrightKing,6.0,7.0,156.0,Attacker,Beginner
Herold Jones,5.0,8.0,135.0,Attacker,Beginner
u20801859,10.0,3.0,141.0,Defender,Expert
u20801859,7.0,6.0,137.0,Defender,Expert
u20801859,13.0,0.0,129.0,Defender,Expert
u20801859,7.0,6.0,197.0,Defender,Intermediate
u20801859,7.0,6.0,166.0,Defender,Intermediate
u20801859,4.0,9.0,613.0,Attacker,Beginner
U20801859,6.0,7.0,270.0,Attacker,Beginner
u20801859,8.0,5.0,214.0,Defender,Beginner
u20801859,7.0,6.0,211.0,Defender,Beginner
u20801859,6.0,7.0,172.0,Attacker,Beginner
u20801859,6.0,7.0,168.0,Attacker,Beginner
Participant3_3,9.0,4.0,126.0,Defender,Expert
Participant3_2,9.0,4.0,95.0,Defender,Expert
Participant3_1,8.0,5.0,85.0,Defender,Expert
Participant1_1,6.0,7.0,428.0,Attacker,Beginner
Participant2_1,10.0,3.0,280.0,Defender,Beginner
Participant1_2,7.0,6.0,222.0,Defender,Beginner
Participant1_3,6.0,7.0,217.0,Attacker,Beginner
Participant4_1,2.0,11.0,187.0,Attacker,Beginner
Participant2_3,6.0,7.0,185.0,Attacker,Beginner
Participant4_2,6.0,6.0,145.0,Draw,Beginner
Participant2_2,3.0,10.0,144.0,Attacker,Beginner
Luqmaan_u21473359,7.0,6.0,1090.0,Defender,Beginner
u21473359,6.0,7.0,195.0,Attacker,Beginner
u2147559,5.0,8.0,166.0,Attacker,Beginner
Luqmaan_u21473359,5.0,7.0,114.0,Attacker,Beginner
u21473359,6.0,7.0,99.0,Attacker,Beginner
Luqmaan_u21473359,4.0,8.0,120.0,Attacker,Beginner
Luqmaan_u21473359,5.0,7.0,100.0,Attacker,Beginner
BlackShark,8.0,5.0,136.0,Defender,Expert
Ntando,7.0,6.0,104.0,Defender,Expert
BrownShark,5.0,8.0,410.0,Attacker,Beginner
Ntando,4.0,9.0,281.0,Attacker,Beginner
RedShark,4.0,9.0,186.0,Attacker,Beginner
BlueShark,6.0,6.0,183.0,Draw,Beginner
Ntandoyenkosi,6.0,7.0,107.0,Attacker,Beginner
Ntandoyenkosi,5.0,8.0,107.0,Attacker,Beginner
Ntando,5.0,8.0,103.0,Attacker,Beginner
Ntandoyenkosi,6.0,7.0,103.0,Attacker,Beginner
Ntando,4.0,9.0,103.0,Attacker,Beginner
khomii,7.0,6.0,133.0,Defender,Expert
pabii,9.0,4.0,110.0,Defender,Expert
mcking,11.0,2.0,109.0,Defender,Expert
king,9.0,4.0,100.0,Defender,Expert
khomii,9.0,4.0,92.0,Defender,Expert
khomii,8.0,5.0,165.0,Defender,Intermediate
khomii,8.0,5.0,164.0,Defender,Intermediate
mcking,7.0,6.0,280.0,Defender,Beginner
king,6.0,7.0,230.0,Attacker,Beginner
pabii,6.0,7.0,221.0,Attacker,Beginner
mcking,7.0,6.0,202.0,Defender,Beginner
joe,7.0,6.0,87.0,Defender,Expert
sea,7.0,6.0,211.0,Defender,Beginner
jack,6.0,7.0,124.0,Attacker,Beginner
joe,6.0,7.0,112.0,Attacker,Beginner
james,4.0,9.0,112.0,Attacker,Beginner
sea,6.0,7.0,109.0,Attacker,Beginner
james,6.0,7.0,90.0,Attacker,Beginner
sarah,6.0,7.0,86.0,Attacker,Beginner
amy,4.0,9.0,82.0,Attacker,Beginner
sarah,5.0,8.0,82.0,Attacker,Beginner
joe,5.0,8.0,59.0,Attacker,Beginner
joe,6.0,7.0,58.0,Attacker,Beginner
Siphe,7.0,6.0,158.0,Defender,Expert
Siphe,8.0,5.0,150.0,Defender,Expert
Siphe,8.0,5.0,139.0,Defender,Expert
sihle,7.0,6.0,136.0,Defender,Expert
Siphe,6.0,7.0,261.0,Attacker,Beginner
sihle,7.0,5.0,203.0,Defender,Beginner
Tbos,5.0,8.0,201.0,Attacker,Beginner
Siphe,5.0,8.0,166.0,Attacker,Beginner
Tbos,6.0,7.0,161.0,Attacker,Beginner
sihle,3.0,10.0,159.0,Attacker,Beginner
Siphe,6.0,7.0,150.0,Attacker,Beginner
sihle,6.0,7.0,142.0,Attacker,Beginner
Leon,10.0,3.0,149.0,Defender,Expert
barbie,9.0,4.0,144.0,Defender,Expert
zani,9.0,4.0,139.0,Defender,Expert
ken,11.0,2.0,125.0,Defender,Expert
barbie,7.0,6.0,120.0,Defender,Expert
righardt,8.0,5.0,117.0,Defender,Expert
Leon,6.0,7.0,246.0,Attacker,Beginner
armin,4.0,9.0,222.0,Attacker,Beginner
waslap,6.0,7.0,128.0,Attacker,Beginner
waldo,5.0,8.0,94.0,Attacker,Beginner
moh,5.0,8.0,60.0,Attacker,Beginner
Aretse,8.0,5.0,137.0,Defender,Expert
Maropeng,9.0,4.0,125.0,Defender,Expert
Maropeng,9.0,4.0,118.0,Defender,Expert
Maropeng,9.0,4.0,116.0,Defender,Expert
maropeng,10.0,3.0,113.0,Defender,Expert
Maropeng,9.0,4.0,109.0,Defender,Expert
maropeng,4.0,9.0,158.0,Attacker,Beginner
maropeng,6.0,7.0,143.0,Attacker,Beginner
maropeng,5.0,8.0,132.0,Attacker,Beginner
Aretse,5.0,8.0,121.0,Attacker,Beginner
Maropeng,6.0,7.0,117.0,Attacker,Beginner
u21475653,10.0,3.0,160.0,Defender,Expert
u21475653,9.0,4.0,154.0,Defender,Expert
u21475653,7.0,6.0,140.0,Defender,Expert
u21475653,7.0,6.0,139.0,Defender,Expert
u21475653,7.0,6.0,173.0,Defender,Intermediate
u21475653,7.0,6.0,205.0,Defender,Beginner
u21475653,5.0,8.0,174.0,Attacker,Beginner
u21475653,6.0,7.0,164.0,Attacker,Beginner
u21475653,6.0,7.0,85.0,Attacker,Beginner
u21475653,5.0,8.0,85.0,Attacker,Beginner
u21475653,2.0,11.0,67.0,Attacker,Beginner
Bassam Lock,7.0,5.0,151.0,Defender,Expert
Stella,8.0,5.0,120.0,Defender,Expert
Bassam Lock,7.0,5.0,119.0,Defender,Expert
Kyara Lin,7.0,6.0,111.0,Defender,Expert
Joceline Biak,7.0,5.0,104.0,Defender,Expert
Kyara Lin,11.0,2.0,200.0,Defender,Intermediate
Stella,4.0,9.0,346.0,Attacker,Beginner
Stella,4.0,9.0,262.0,Attacker,Beginner
Mike Qing,7.0,5.0,262.0,Defender,Beginner
Mike Qing,6.0,7.0,210.0,Attacker,Beginner
Fantomas,6.0,7.0,200.0,Attacker,Beginner
Joceline Biak,5.0,7.0,169.0,Attacker,Beginner
Joceline Biak,5.0,6.0,120.0,Attacker,Beginner
Mike Qing,5.0,6.0,119.0,Attacker,Beginner
Bassam Lock,6.0,6.0,109.0,Draw,Beginner
Stella,4.0,9.0,101.0,Attacker,Beginner
Kyara Lin,5.0,8.0,91.0,Attacker,Beginner
Sthoko,9.0,4.0,139.0,Defender,Expert
Sthoko,8.0,5.0,139.0,Defender,Expert
u19203668,8.0,5.0,126.0,Defender,Expert
u19203668,8.0,5.0,124.0,Defender,Expert
u19203668,9.0,4.0,108.0,Defender,Expert
Sthoko,8.0,5.0,105.0,Defender,Expert
u19203668,6.0,7.0,209.0,Attacker,Beginner
u19203668,5.0,8.0,168.0,Attacker,Beginner
Sthoko,5.0,8.0,158.0,Attacker,Beginner
Sthoko,6.0,7.0,147.0,Attacker,Beginner
Thlolo,9.0,4.0,157.0,Defender,Expert
Thlolo,8.0,5.0,157.0,Defender,Expert
Thlolo1,9.0,4.0,153.0,Defender,Expert
Thlolo,10.0,3.0,138.0,Defender,Expert
Thlolo,10.0,3.0,134.0,Defender,Expert
thlolo,10.0,3.0,127.0,Defender,Expert
Thlolo,10.0,3.0,125.0,Defender,Expert
Thlolo,10.0,3.0,117.0,Defender,Expert
Thlolo,7.0,6.0,172.0,Defender,Intermediate
Thlolo,8.0,5.0,278.0,Defender,Beginner
Thlolo,8.0,5.0,211.0,Defender,Beginner
Shaakir,7.0,6.0,112.0,Defender,Expert
Shaakir,8.0,5.0,107.0,Defender,Expert
Shaakir,7.0,5.0,104.0,Defender,Expert
Shaakir,8.0,5.0,98.0,Defender,Expert
Shaakir,7.0,6.0,86.0,Defender,Expert
Shaakir,8.0,5.0,83.0,Defender,Expert
Shaakir,8.0,5.0,73.0,Defender,Expert
Shaakir,5.0,8.0,395.0,Attacker,Beginner
Shaakir,6.0,7.0,181.0,Attacker,Beginner
Shaakir,4.0,9.0,132.0,Attacker,Beginner
Shaakir,6.0,7.0,108.0,Attacker,Beginner
Thabang,8.0,5.0,155.0,Defender,Expert
thabo,9.0,4.0,144.0,Defender,Expert
thabo,9.0,4.0,143.0,Defender,Expert
Thabang,9.0,4.0,112.0,Defender,Expert
thabang,10.0,3.0,106.0,Defender,Expert
thabo,7.0,5.0,105.0,Defender,Expert
thabo,10.0,3.0,104.0,Defender,Expert
Thabang,8.0,5.0,104.0,Defender,Expert
Thabo,6.0,7.0,207.0,Attacker,Beginner
Tash,6.0,7.0,178.0,Attacker,Beginner
Tash,6.0,7.0,142.0,Attacker,Beginner
Wisani Nkuna,9.0,4.0,142.0,Defender,Expert
Wisani Nkuna,9.0,4.0,184.0,Defender,Intermediate
Wisani Nkuna,8.0,4.0,176.0,Defender,Intermediate
Wisani Nkuna,6.0,7.0,335.0,Attacker,Beginner
Wisani Nkuna,5.0,8.0,288.0,Attacker,Beginner
Wisani Nkuna,8.0,5.0,239.0,Defender,Beginner
Wisani Nkuna,9.0,3.0,233.0,Defender,Beginner
Wisani Nkuna,9.0,4.0,213.0,Defender,Beginner
Wisani Nkuna,4.0,9.0,177.0,Attacker,Beginner
Wisani Nkuna,6.0,7.0,153.0,Attacker,Beginner
Wisani Nkuna,4.0,9.0,115.0,Attacker,Beginner
Peanut,7.0,6.0,1738.0,Defender,Beginner
CreativeMp,8.0,4.0,271.0,Defender,Beginner
cyber ranger,5.0,8.0,190.0,Attacker,Beginner
Superman,6.0,7.0,159.0,Attacker,Beginner
DragonFly,5.0,8.0,122.0,Attacker,Beginner
PyTechie,7.0,6.0,141.0,Defender,Expert
DR MIKE,7.0,6.0,139.0,Defender,Expert
Classof2024,7.0,6.0,128.0,Defender,Expert
INF791,8.0,5.0,123.0,Defender,Expert
In the Cloud,6.0,7.0,222.0,Attacker,Beginner
WINNER,4.0,9.0,141.0,Attacker,Beginner
CodeCobra,6.0,7.0,139.0,Attacker,Beginner
Student,6.0,7.0,136.0,Attacker,Beginner
Last One Standing,6.0,7.0,123.0,Attacker,Beginner
HonsINF,5.0,8.0,123.0,Attacker,Beginner
Me,5.0,8.0,111.0,Attacker,Beginner
iets snaaks,7.0,6.0,127.0,Defender,Expert
FrogsHop,7.0,6.0,162.0,Defender,Intermediate
TaurusBae,6.0,7.0,322.0,Attacker,Beginner
TheBull,6.0,7.0,186.0,Attacker,Beginner
Ladybug,6.0,7.0,143.0,Attacker,Beginner
BaeBull,6.0,7.0,131.0,Attacker,Beginner
BirdsFly,6.0,7.0,120.0,Attacker,Beginner
Taurus,4.0,8.0,114.0,Attacker,Beginner
Die Slang,3.0,10.0,99.0,Attacker,Beginner
Bull Perhaps,5.0,8.0,85.0,Attacker,Beginner
Taurus,4.0,9.0,84.0,Attacker,Beginner
Espy,8.0,5.0,155.0,Defender,Expert
u21501794,8.0,5.0,155.0,Defender,Expert
u21501794,9.0,4.0,90.0,Defender,Expert
u21501794,9.0,4.0,66.0,Defender,Expert
21501794,8.0,5.0,179.0,Defender,Intermediate
Espen,5.0,8.0,498.0,Attacker,Beginner
Espen,4.0,8.0,283.0,Attacker,Beginner
nepse,5.0,8.0,141.0,Attacker,Beginner
u21501794,9.0,4.0,113.0,Defender,Expert
u21501794,10.0,3.0,83.0,Defender,Expert
u21501795,9.0,4.0,87.0,Defender,Expert
Butterflyfingers,9.0,4.0,153.0,Defender,Expert
Butterflyfingers,7.0,6.0,148.0,Defender,Expert
Butterflyfingers,10.0,3.0,146.0,Defender,Expert
Butterflyfingers,9.0,4.0,143.0,Defender,Expert
Butterflyfingers,8.0,5.0,129.0,Defender,Expert
Butterflyfingers,8.0,5.0,117.0,Defender,Expert
Butterflyfingers,9.0,4.0,114.0,Defender,Expert
Butterflyfingers,10.0,3.0,113.0,Defender,Expert
Butterflyfingers,11.0,2.0,109.0,Defender,Expert
Butterflyfingers,8.0,5.0,161.0,Defender,Intermediate
Butterflyfingers,6.0,7.0,242.0,Attacker,Beginner
Unati,10.0,3.0,199.0,Defender,Intermediate
Unati,9.0,4.0,184.0,Defender,Intermediate
Unati,8.0,5.0,162.0,Defender,Intermediate
Unati,8.0,5.0,507.0,Defender,Beginner
Unati,8.0,5.0,409.0,Defender,Beginner
Unati,6.0,6.0,292.0,Draw,Beginner
Unati,9.0,4.0,283.0,Defender,Beginner
Unati,9.0,4.0,264.0,Defender,Beginner
Unati,9.0,4.0,252.0,Defender,Beginner
Unati,7.0,6.0,228.0,Defender,Beginner
Unati,8.0,5.0,202.0,Defender,Beginner
Tendani,7.0,6.0,129.0,Defender,Expert
Mike,7.0,6.0,125.0,Defender,Expert
Dani,7.0,6.0,60.0,Defender,Expert
Tendani,3.0,10.0,182.0,Attacker,Beginner
Reggie,6.0,7.0,160.0,Attacker,Beginner
Mike,6.0,7.0,118.0,Attacker,Beginner
Dani,1.0,12.0,110.0,Attacker,Beginner
Jerry,5.0,8.0,101.0,Attacker,Beginner
Tendani,3.0,10.0,97.0,Attacker,Beginner
Tendani,5.0,8.0,94.0,Attacker,Beginner
Jerry,5.0,7.0,92.0,Attacker,Beginner
Vuvu,6.0,7.0,234.0,Attacker,Beginner
VuyiTesting,5.0,8.0,181.0,Attacker,Beginner
Vuyi,3.0,10.0,175.0,Attacker,Beginner
Vuyelwa,5.0,8.0,121.0,Attacker,Beginner
Amanda,7.0,6.0,154.0,Defender,Expert
Amanda,8.0,5.0,142.0,Defender,Expert
Amanda,11.0,2.0,138.0,Defender,Expert
Amanda,9.0,4.0,136.0,Defender,Expert
Amanda,9.0,4.0,129.0,Defender,Expert
Amanda,8.0,5.0,124.0,Defender,Expert
Amanda,8.0,4.0,120.0,Defender,Expert
Amanda,10.0,3.0,105.0,Defender,Expert
Amanda,8.0,4.0,101.0,Defender,Expert
Amanda,9.0,3.0,80.0,Defender,Expert
Amanda,9.0,4.0,191.0,Defender,Intermediate
Amanda,7.0,6.0,154.0,Defender,Expert
Amanda,8.0,5.0,142.0,Defender,Expert
Amanda,11.0,2.0,138.0,Defender,Expert
Amanda,9.0,4.0,136.0,Defender,Expert
Amanda,9.0,4.0,129.0,Defender,Expert
Amanda,8.0,5.0,124.0,Defender,Expert
Amanda,8.0,4.0,120.0,Defender,Expert
Amanda,10.0,3.0,105.0,Defender,Expert
Amanda,8.0,4.0,101.0,Defender,Expert
Amanda,9.0,3.0,80.0,Defender,Expert
Amanda,9.0,4.0,191.0,Defender,Intermediate
Siphe,7.0,6.0,158.0,Defender,Expert
Siphe,8.0,5.0,150.0,Defender,Expert
Siphe,8.0,5.0,139.0,Defender,Expert
sihle,7.0,6.0,136.0,Defender,Expert
Siphe,6.0,7.0,261.0,Attacker,Beginner
sihle,7.0,5.0,203.0,Defender,Beginner
Tbos,5.0,8.0,201.0,Attacker,Beginner
Siphe,5.0,8.0,166.0,Attacker,Beginner
Tbos,6.0,7.0,161.0,Attacker,Beginner
sihle,3.0,10.0,159.0,Attacker,Beginner
Siphe,6.0,7.0,150.0,Attacker,Beginner
sihle,6.0,7.0,142.0,Attacker,Beginner
Assdf,7.0,6.0,149.0,Defender,Expert
Michie,10.0,3.0,148.0,Defender,Expert
Nunnyg,9.0,4.0,146.0,Defender,Expert
Dffrt,11.0,2.0,132.0,Defender,Expert
Alif,9.0,4.0,127.0,Defender,Expert
Kelp,10.0,3.0,124.0,Defender,Expert
JRE,10.0,3.0,122.0,Defender,Expert
asdfGf,10.0,3.0,119.0,Defender,Expert
Hejjk,9.0,4.0,118.0,Defender,Expert
RealK,7.0,6.0,108.0,Defender,Expert
Vinny,7.0,6.0,238.0,Defender,Beginner
Leon,10.0,3.0,149.0,Defender,Expert
barbie,9.0,4.0,144.0,Defender,Expert
zani,9.0,4.0,139.0,Defender,Expert
ken,11.0,2.0,125.0,Defender,Expert
barbie,7.0,6.0,120.0,Defender,Expert
righardt,8.0,5.0,117.0,Defender,Expert
Leon,6.0,7.0,246.0,Attacker,Beginner
armin,4.0,9.0,222.0,Attacker,Beginner
waslap,6.0,7.0,128.0,Attacker,Beginner
waldo,5.0,8.0,94.0,Attacker,Beginner
moh,5.0,8.0,60.0,Attacker,Beginner
Aretse,8.0,5.0,137.0,Defender,Expert
Maropeng,9.0,4.0,125.0,Defender,Expert
Maropeng,9.0,4.0,118.0,Defender,Expert
Maropeng,9.0,4.0,116.0,Defender,Expert
maropeng,10.0,3.0,113.0,Defender,Expert
Maropeng,9.0,4.0,109.0,Defender,Expert
maropeng,4.0,9.0,158.0,Attacker,Beginner
maropeng,6.0,7.0,143.0,Attacker,Beginner
maropeng,5.0,8.0,132.0,Attacker,Beginner
Aretse,5.0,8.0,121.0,Attacker,Beginner
Maropeng,6.0,7.0,117.0,Attacker,Beginner
u24804500,8.0,5.0,160.0,Defender,Expert
u24804500,8.0,5.0,145.0,Defender,Expert
u24804500,9.0,4.0,108.0,Defender,Expert
u24804500,9.0,4.0,101.0,Defender,Expert
u24804500,8.0,5.0,94.0,Defender,Expert
u24804500,12.0,1.0,86.0,Defender,Expert
u24804500,9.0,4.0,179.0,Defender,Intermediate
u24804500,9.0,4.0,174.0,Defender,Intermediate
u24804500,7.0,6.0,164.0,Defender,Intermediate
Nosipho Ndlovu,7.0,6.0,464.0,Defender,Beginner
u24804500,5.0,7.0,135.0,Attacker,Beginner
u24804500,6.0,6.0,124.0,Draw,Beginner
Tank Dempsey,7.0,6.0,138.0,Defender,Expert
Jerry,9.0,4.0,124.0,Defender,Expert
Edward Richtofen,9.0,4.0,121.0,Defender,Expert
Tom and Jerry,9.0,4.0,117.0,Defender,Expert
Mickey Mouse and his sick clubhouse,9.0,4.0,99.0,Defender,Expert
Final One,9.0,4.0,98.0,Defender,Expert
Nicho,7.0,6.0,176.0,Defender,Intermediate
NicName,5.0,7.0,294.0,Attacker,Beginner
Jake Paul,7.0,6.0,202.0,Defender,Beginner
Arthur Morgan,5.0,8.0,186.0,Attacker,Beginner
Tom,6.0,6.0,135.0,Draw,Beginner
U21473669,9.0,4.0,135.0,Defender,Expert
U21473669,8.0,5.0,403.0,Defender,Beginner
U21473669,6.0,7.0,259.0,Attacker,Beginner
U21473669,7.0,6.0,202.0,Defender,Beginner
U21473669,5.0,8.0,145.0,Attacker,Beginner
gamerdamer,8.0,5.0,185.0,Defender,Intermediate
Letsgooo,7.0,6.0,1064.0,Defender,Beginner
Yooogamer,4.0,9.0,550.0,Attacker,Beginner
letsgame,4.0,9.0,390.0,Attacker,Beginner
gamedemo,6.0,7.0,200.0,Attacker,Beginner
dahaha,2.0,11.0,197.0,Attacker,Beginner
gametings,5.0,8.0,184.0,Attacker,Beginner
game,3.0,10.0,155.0,Attacker,Beginner
nickgame,6.0,7.0,119.0,Attacker,Beginner
cybergame,5.0,8.0,118.0,Attacker,Beginner
dopegame,3.0,10.0,102.0,Attacker,Beginner
johndoe,7.0,6.0,157.0,Defender,Expert
johndoe,8.0,5.0,112.0,Defender,Expert
johndoe,9.0,4.0,98.0,Defender,Expert
johndoe,9.0,4.0,89.0,Defender,Expert
johndoe,8.0,5.0,88.0,Defender,Expert
johndoe,9.0,4.0,87.0,Defender,Expert
johndoe,7.0,6.0,63.0,Defender,Expert
johndoe,5.0,8.0,190.0,Attacker,Beginner
johndoe,5.0,8.0,53.0,Attacker,Beginner
johndoe,6.0,7.0,51.0,Attacker,Beginner
johndoe,0.0,13.0,43.0,Attacker,Beginner
sydd,7.0,6.0,141.0,Defender,Expert
Aakill,7.0,6.0,161.0,Defender,Intermediate
gym,4.0,9.0,1099.0,Attacker,Beginner
zizi,4.0,8.0,400.0,Attacker,Beginner
zizi,8.0,5.0,244.0,Defender,Beginner
sydd,7.0,6.0,203.0,Defender,Beginner
zizi,6.0,7.0,176.0,Attacker,Beginner
zizi,6.0,7.0,166.0,Attacker,Beginner
MK,6.0,7.0,160.0,Attacker,Beginner
zizi,5.0,8.0,146.0,Attacker,Beginner
zizi,5.0,8.0,120.0,Attacker,Beginner
Round 6,7.0,6.0,126.0,Defender,Expert
Round 3,7.0,5.0,171.0,Defender,Intermediate
Ammaarah,4.0,9.0,228.0,Attacker,Beginner
Round 4,6.0,7.0,197.0,Attacker,Beginner
Round 2,3.0,10.0,174.0,Attacker,Beginner
Round 5,5.0,8.0,137.0,Attacker,Beginner
Round 7,5.0,8.0,105.0,Attacker,Beginner
Round 9,6.0,7.0,102.0,Attacker,Beginner
Round 8,5.0,8.0,102.0,Attacker,Beginner
Round 10,5.0,8.0,89.0,Attacker,Beginner
Round 11,5.0,8.0,81.0,Attacker,Beginner
Alim01,11.0,2.0,151.0,Defender,Expert
Alim01,9.0,4.0,125.0,Defender,Expert
Alim01,7.0,6.0,104.0,Defender,Expert
Alim01,9.0,4.0,98.0,Defender,Expert
Alim01,11.0,2.0,95.0,Defender,Expert
Alim01,9.0,4.0,91.0,Defender,Expert
Alim01,7.0,6.0,177.0,Defender,Intermediate
Alim01,5.0,8.0,314.0,Attacker,Beginner
Alim01,7.0,6.0,297.0,Defender,Beginner
Alim01,5.0,8.0,165.0,Attacker,Beginner
Barbie,9.0,4.0,108.0,Defender,Expert
Hughie,8.0,5.0,95.0,Defender,Expert
Otto Hightower,7.0,6.0,92.0,Defender,Expert
Homelander,7.0,6.0,190.0,Defender,Intermediate
10G,8.0,5.0,256.0,Defender,Beginner
PeterParker,6.0,7.0,136.0,Attacker,Beginner
Flo Milli,4.0,9.0,135.0,Attacker,Beginner
Princess,6.0,7.0,120.0,Attacker,Beginner
Hodor,5.0,8.0,114.0,Attacker,Beginner
Syrax,5.0,8.0,100.0,Attacker,Beginner
Deadpool,3.0,9.0,84.0,Attacker,Beginner
Robert,8.0,5.0,148.0,Defender,Expert
Robert,9.0,3.0,145.0,Defender,Expert
Robert,8.0,5.0,138.0,Defender,Expert
Robert,10.0,3.0,121.0,Defender,Expert
Robert,8.0,5.0,120.0,Defender,Expert
Robert,10.0,3.0,112.0,Defender,Expert
Robert,11.0,2.0,86.0,Defender,Expert
Robert,9.0,4.0,82.0,Defender,Expert
Robert,4.0,9.0,238.0,Attacker,Beginner
Robert,3.0,10.0,190.0,Attacker,Beginner
Robert,5.0,8.0,164.0,Attacker,Beginner
Data Fortress,7.0,6.0,138.0,Defender,Expert
SecureNet Saga,7.0,6.0,111.0,Defender,Expert
HackShield Heroes,70,6.0,99.0,Defender,Expert
Digital Defenders,7.0,6.0,96.0,Defender,Expert
Cyber Sentine,10.0,3.0,93.0,Defender,Expert
Cryptic Crusade,7.0,6.0,82.0,Defender,Expert
Cyber Nexus,7.0,6.0,68.0,Defender,Expert
Firewall Warriors,8.0,5.0,259.0,Defender,Beginner
CyberGuardians,7.0,6.0,225.0,Defender,Beginner
Code Defenders,4.0,9.0,193.0,Attacker,Beginner
Virus Vanquishers,6.0,7.0,80.0,Attacker,Beginner
u17025886,7.0,6.0,144.0,Defender,Expert
u17025886,9.0,4.0,115.0,Defender,Expert
u17025886,10.0,3.0,110.0,Defender,Expert
u17025886,8.0,5.0,103.0,Defender,Expert
u17025886,10.0,3.0,91.0,Defender,Expert
u17025886,7.0,6.0,88.0,Defender,Expert
u17025886,8.0,5.0,86.0,Defender,Expert
u17025886,10.0,3.0,69.0,Defender,Expert
u17025886,4.0,9.0,213.0,Attacker,Beginner
u17025886,5.0,8.0,212.0,Attacker,Beginner
u19009209,11.0,2.0,126.0,Defender,Expert
u19009209,8.0,5.0,126.0,Defender,Expert
u19009209,9.0,4.0,100.0,Defender,Expert
u19009209,10.0,3.0,99.0,Defender,Expert
u19009209,10.0,3.0,97.0,Defender,Expert
u19009209,10.0,2.0,79.0,Defender,Expert
u19009209,8.0,5.0,77.0,Defender,Expert
u19009209,9.0,4.0,75.0,Defender,Expert
u19009209,7.0,6.0,71.0,Defender,Expert
u19009209,6.0,7.0,727.0,Attacker,Beginner
u19009209,5.0,8.0,111.0,Attacker,Beginner
Caitlin,9.0,4.0,150.0,Defender,Expert
Caitlin,11.0,2.0,138.0,Defender,Expert
Caitlin,9.0,4.0,136.0,Defender,Expert
Caitlin,9.0,4.0,130.0,Defender,Expert
Caitlin,8.0,5.0,112.0,Defender,Expert
Caitlin,7.0,6.0,195.0,Defender,Intermediate
Caitlin,7.0,6.0,186.0,Defender,Intermediate
Caitlin,9.0,4.0,182.0,Defender,Intermediate
Caitlin,8.0,5.0,279.0,Defender,Beginner
Caitlin,4.0,9.0,186.0,Attacker,Beginner
Caitlin,5.0,8.0,169.0,Attacker,Beginner
Chloe,8.0,5.0,157.0,Defender,Expert
Chloe,11.0,2.0,148.0,Defender,Expert
Chloe,9.0,4.0,198.0,Defender,Intermediate
Chloe,8.0,5.0,193.0,Defender,Intermediate
Chloe,10.0,3.0,185.0,Defender,Intermediate
Chloe,10.0,3.0,178.0,Defender,Intermediate
Chloe,10.0,3.0,173.0,Defender,Intermediate
Chloe,9.0,4.0,173.0,Defender,Intermediate
Chloe,10.0,3.0,162.0,Defender,Intermediate
Chloe,7.0,6.0,211.0,Defender,Beginner
Chloe,6.0,7.0,154.0,Attacker,Beginner
Ahmed,9.0,4.0,99.0,Defender,Expert
Ahmed,5.0,8.0,142.0,Attacker,Beginner
Ahmed,4.0,9.0,97.0,Attacker,Beginner
Ahmed,3.0,10.0,86.0,Attacker,Beginner
Ahmed,4.0,9.0,81.0,Attacker,Beginner
Ahmed,4.0,9.0,80.0,Attacker,Beginner
Ahmed,6.0,7.0,80.0,Attacker,Beginner
Ahmed,4.0,9.0,79.0,Attacker,Beginner
Ahmed,4.0,9.0,78.0,Attacker,Beginner
Ahmed,5.0,8.0,78.0,Attacker,Beginner
Ahmed,4.0,9.0,73.0,Attacker,Beginner
Ahmed,9.0,4.0,99.0,Defender,Expert
Ahmed,5.0,8.0,142.0,Attacker,Beginner
Ahmed,4.0,9.0,97.0,Attacker,Beginner
Ahmed,3.0,10.0,86.0,Attacker,Beginner
Ahmed,4.0,9.0,81.0,Attacker,Beginner
Ahmed,4.0,9.0,80.0,Attacker,Beginner
Ahmed,6.0,7.0,80.0,Attacker,Beginner
Ahmed,4.0,9.0,79.0,Attacker,Beginner
Ahmed,4.0,9.0,78.0,Attacker,Beginner
Ahmed,5.0,8.0,78.0,Attacker,Beginner
Ahmed,4.0,9.0,73.0,Attacker,Beginner
Unaizah,10.0,3.0,160.0,Defender,Expert
Unaizah,9.0,4.0,157.0,Defender,Expert
Unaizah,9.0,4.0,132.0,Defender,Expert
Unaizah,8.0,4.0,132.0,Defender,Expert
Unaizah,10.0,3.0,99.0,Defender,Expert
Unaizah,9.0,4.0,188.0,Defender,Intermediate
Unaizah,7.0,6.0,186.0,Defender,Intermediate
Unaizah,9.0,4.0,186.0,Defender,Intermediate
Unaizah,5.0,8.0,257.0,Attacker,Beginner
Unaizah,4.0,9.0,206.0,Attacker,Beginner
Unaizah,5.0,8.0,174.0,Attacker,Beginner
u20442409,7.0,5.0,158.0,Defender,Expert
u20442409,10.0,3.0,155.0,Defender,Expert
u20442409,8.0,5.0,146.0,Defender,Expert
u20442409,7.0,6.0,135.0,Defender,Expert
u20442409,8.0,5.0,133.0,Defender,Expert
u20442409,7.0,6.0,130.0,Defender,Expert
u20442409,7.0,6.0,192.0,Defender,Intermediate
u20442409,5.0,8.0,350.0,Attacker,Beginner
u20442409,6.0,7.0,148.0,Attacker,Beginner
u20442409,6.0,7.0,107.0,Attacker,Beginner
u20442409,4.0,9.0,102.0,Attacker,Beginner
UnFaizdd,7.0,6.0,138.0,Defender,Expert
UnFaizdd,7.0,6.0,135.0,Defender,Expert
UnFaizdd,7.0,6.0,134.0,Defender,Expert
UnFaizdd,9.0,4.0,132.0,Defender,Expert
UnFaizdd,7.0,6.0,118.0,Defender,Expert
UnFaizdd,7.0,6.0,118.0,Defender,Expert
UnFaizdd,9.0,4.0,112.0,Defender,Expert
UnFaizdd,8.0,5.0,100.0,Defender,Expert
UnFaizdd,10.0,3.0,93.0,Defender,Expert
UnFaizdd,9.0,4.0,179.0,Defender,Intermediate
UnFaizdd,4.0,9.0,135.0,Attacker,Beginner
u20537183,7.0,5.0,123.0,Defender,Expert
u20537183,7.0,6.0,120.0,Defender,Expert
u20537183,7.0,5.0,109.0,Defender,Expert
u20537183,7.0,6.0,104.0,Defender,Expert
u20537183,8.0,5.0,103.0,Defender,Expert
u20537183,8.0,5.0,99.0,Defender,Expert
u20537183,8.0,5.0,93.0,Defender,Expert
u20537183,7.0,6.0,298.0,Defender,Beginner
u20537183,5.0,8.0,162.0,Attacker,Beginner
u20537183,5.0,8.0,156.0,Attacker,Beginner
u20537183,3.0,10.0,114.0,Attacker,Beginner
u20537183,5.0,8.0,104.0,Attacker,Beginner
BlackBook1,7.0,6.0,154.0,Defender,Expert
FoolMe,9.0,4.0,151.0,Defender,Expert
BrotherSleeves,9.0,4.0,132.0,Defender,Expert
LongSleeves,9.0,4.0,127.0,Defender,Expert
Bob,9.0,4.0,122.0,Defender,Expert
JenJen,10.0,3.0,109.0,Defender,Expert
BitLocker234,11.0,2.0,108.0,Defender,Expert
Password123,9.0,4.0,103.0,Defender,Expert
Phantom122,8.0,5.0,218.0,Defender,Beginner
BlackHawk,5.0,8.0,162.0,Attacker,Beginner
BitDefender,6.0,7.0,135.0,Attacker,Beginner
Stephan,7.0,6.0,59.0,Defender,Expert
Stephan,6.0,7.0,191.0,Attacker,Beginner
Stephan,6.0,7.0,95.0,Attacker,Beginner
Stephan,4.0,9.0,83.0,Attacker,Beginner
Stephan,6.0,7.0,78.0,Attacker,Beginner
Stephan,5.0,8.0,72.0,Attacker,Beginner
Stephan,5.0,8.0,66.0,Attacker,Beginner
Stephan,4.0,8.0,63.0,Attacker,Beginner
Stephan,6.0,7.0,62.0,Attacker,Beginner
Stephan,4.0,9.0,60.0,Attacker,Beginner
Stephan,4.0,8.0,55.0,Attacker,Beginner
Dylan Deetlets,7.0,6.0,96.0,Defender,Expert
Mike Williams,10.0,3.0,91.0,Defender,Expert
u20698497,9.0,4.0,103.0,Defender,Expert
Alet Pieterse,9.0,4.0,117.0,Defender,Expert
u19756938,8.0,5.0,87.0,Defender,Expert
u20698497,7.0,5.0,119.0,Defender,Expert
Keyleigh Lin,5.0,8.0,94.0,Attacker,Beginner
Dihan Calitz,4.0,9.0,109.0,Attacker,Beginner
u22674205,7.0,6.0,202.0,Defender,Beginner
u22674205,5.0,8.0,138.0,Attacker,Beginner
Herold Jones,10.0,3.0,155.0,Defender,Expert
Troy Bolton,8.0,5.0,139.0,Defender,Expert
PhoenixWrightKing,7.0,6.0,132.0,Defender,Expert
ToddHowardKiller,7.0,6.0,104.0,Defender,Expert
Unicorn Power,7.0,6.0,97.0,Defender,Expert
Troy Bolton,8.0,5.0,88.0,Defender,Expert
Unicorn Power,7.0,6.0,172.0,Defender,Intermediate
ToddHowardKiller,8.0,5.0,294.0,Defender,Beginner
FalconPunch,10.0,3.0,205.0,Defender,Beginner
PhoenixWrightKing,6.0,7.0,156.0,Attacker,Beginner
Herold Jones,5.0,8.0,135.0,Attacker,Beginner
u20801859,10.0,3.0,141.0,Defender,Expert
u20801859,7.0,6.0,137.0,Defender,Expert
u20801859,13.0,0.0,129.0,Defender,Expert
u20801859,7.0,6.0,197.0,Defender,Intermediate
u20801859,7.0,6.0,166.0,Defender,Intermediate
u20801859,4.0,9.0,613.0,Attacker,Beginner
U20801859,6.0,7.0,270.0,Attacker,Beginner
u20801859,8.0,5.0,214.0,Defender,Beginner
u20801859,7.0,6.0,211.0,Defender,Beginner
u20801859,6.0,7.0,172.0,Attacker,Beginner
u20801859,6.0,7.0,168.0,Attacker,Beginner
Tyron Kendall,7.0,6.0,332.0,Defender,Beginner
Tyron Kendall,5.0,8.0,159.0,Attacker,Beginner
u21441104,5.0,8.0,90.0,Attacker,Beginner
u21441104,6.0,7.0,70.0,Attacker,Beginner
u21441104,6.0,7.0,58.0,Attacker,Beginner
u21441104,5.0,8.0,47.0,Attacker,Beginner
u21441104,3.0,10.0,46.0,Attacker,Beginner
u21441104,6.0,7.0,45.0,Attacker,Beginner
u21441104,6.0,7.0,44.0,Attacker,Beginner
u21441104,4.0,9.0,37.0,Attacker,Beginner
Participant3_3,9.0,4.0,126.0,Defender,Expert
Participant3_2,9.0,4.0,95.0,Defender,Expert
Participant3_1,8.0,5.0,85.0,Defender,Expert
Participant1_1,6.0,7.0,428.0,Attacker,Beginner
Participant2_1,10.0,3.0,280.0,Defender,Beginner
Participant1_2,7.0,6.0,222.0,Defender,Beginner
Participant1_3,6.0,7.0,217.0,Attacker,Beginner
Participant4_1,2.0,11.0,187.0,Attacker,Beginner
Participant2_3,6.0,7.0,185.0,Attacker,Beginner
Participant4_2,6.0,6.0,145.0,Draw,Beginner
Participant2_2,3.0,10.0,144.0,Attacker,Beginner
Nish,8.0,5.0,131.0,Defender,Expert
Nish,8.0,5.0,114.0,Defender,Expert
Nish,11.0,2.0,101.0,Defender,Expert
Nish,7.0,6.0,98.0,Defender,Expert
Nish,8.0,5.0,92.0,Defender,Expert
Nish,5.0,8.0,233.0,Attacker,Beginner
Nish,5.0,8.0,166.0,Attacker,Beginner
Nish,6.0,7.0,112.0,Attacker,Beginner
Nish,6.0,7.0,112.0,Attacker,Beginner
Nish,6.0,7.0,109.0,Attacker,Beginner
Nish,6.0,7.0,104.0,Attacker,Beginner
Luqmaan_u21473359,7.0,6.0,1090.0,Defender,Beginner
u21473359,6.0,7.0,195.0,Attacker,Beginner
u2147559,5.0,8.0,166.0,Attacker,Beginner
Luqmaan_u21473359,5.0,7.0,114.0,Attacker,Beginner
u21473359,6.0,7.0,99.0,Attacker,Beginner
Luqmaan_u21473359,4.0,8.0,120.0,Attacker,Beginner
Luqmaan_u21473359,5.0,7.0,100.0,Attacker,Beginner
Kousei,7.0,6.0,157.0,Defender,Expert
Shikanoko,7.0,6.0,135.0,Defender,Expert
Miles,9.0,4.0,98.0,Defender,Expert
Gwen Stacy,9.0,4.0,82.0,Defender,Expert
Sakura,7.0,6.0,71.0,Defender,Expert
Ballasteven,8.0,5.0,188.0,Defender,Intermediate
Akame,8.0,5.0,162.0,Defender,Intermediate
Hatsune Miku,7.0,6.0,204.0,Defender,Beginner
Chooth,5.0,8.0,172.0,Attacker,Beginner
Koshi,6.0,7.0,128.0,Attacker,Beginner
Smiley,6.0,7.0,115.0,Attacker,Beginner
BlackShark,8.0,5.0,136.0,Defender,Expert
Ntando,7.0,6.0,104.0,Defender,Expert
BrownShark,5.0,8.0,410.0,Attacker,Beginner
Ntando,4.0,9.0,281.0,Attacker,Beginner
RedShark,4.0,9.0,186.0,Attacker,Beginner
BlueShark,6.0,6.0,183.0,Draw,Beginner
Ntandoyenkosi,6.0,7.0,107.0,Attacker,Beginner
Ntandoyenkosi,5.0,8.0,107.0,Attacker,Beginner
Ntando,5.0,8.0,103.0,Attacker,Beginner
Ntandoyenkosi,6.0,7.0,103.0,Attacker,Beginner
Ntando,4.0,9.0,103.0,Attacker,Beginner
Remzz,7.0,6.0,143.0,Defender,Expert
Remzz,8.0,5.0,121.0,Defender,Expert
Remzz,9.0,4.0,117.0,Defender,Expert
Remzz,9.0,4.0,116.0,Defender,Expert
Remzz,10.0,3.0,103.0,Defender,Expert
Remzz,13.0,0.0,94.0,Defender,Expert
Remzz,11.0,2.0,83.0,Defender,Expert
Remzz,11.0,2.0,76.0,Defender,Expert
Remzz,9.0,4.0,73.0,Defender,Expert
Remzz,9.0,4.0,537.0,Defender,Beginner
Remzz,7.0,6.0,324.0,Defender,Beginner
u21562832,7.0,6.0,143.0,Defender,Expert
u21562832,7.0,6.0,127.0,Defender,Expert
u21562832,7.0,6.0,111.0,Defender,Expert
u21562832,9.0,4.0,111.0,Defender,Expert
u21562832,7.0,6.0,105.0,Defender,Expert
u21562832,7.0,6.0,94.0,Defender,Expert
u21562832,7.0,6.0,185.0,Defender,Intermediate
u21562832,5.0,8.0,183.0,Attacker,Beginner
u21562832,6.0,7.0,180.0,Attacker,Beginner
u21562832,6.0,7.0,157.0,Attacker,Beginner
u21562832,6.0,7.0,131.0,Attacker,Beginner
MissSA,8.0,5.0,152.0,Defender,Expert
Kanye,7.0,6.0,141.0,Defender,Expert
Olympics,7.0,6.0,172.0,Defender,Intermediate
Hi,4.0,9.0,755.0,Attacker,Beginner
Nothando,6.0,7.0,667.0,Attacker,Beginner
Wow,10.0,3.0,206.0,Defender,Beginner
Yoo,8.0,5.0,205.0,Defender,Beginner
Minister,6.0,7.0,203.0,Attacker,Beginner
Hellen,5.0,8.0,203.0,Attacker,Beginner
Doja,5.0,8.0,170.0,Attacker,Beginner
Runner,5.0,8.0,142.0,Attacker,Beginner
khomii,7.0,6.0,133.0,Defender,Expert
pabii,9.0,4.0,110.0,Defender,Expert
mcking,11.0,2.0,109.0,Defender,Expert
king,9.0,4.0,100.0,Defender,Expert
khomii,9.0,4.0,92.0,Defender,Expert
khomii,8.0,5.0,165.0,Defender,Intermediate
khomii,8.0,5.0,164.0,Defender,Intermediate
mcking,7.0,6.0,280.0,Defender,Beginner
king,6.0,7.0,230.0,Attacker,Beginner
pabii,6.0,7.0,221.0,Attacker,Beginner
mcking,7.0,6.0,202.0,Defender,Beginner
joe,7.0,6.0,87.0,Defender,Expert
sea,7.0,6.0,211.0,Defender,Beginner
jack,6.0,7.0,124.0,Attacker,Beginner
joe,6.0,7.0,112.0,Attacker,Beginner
james,4.0,9.0,112.0,Attacker,Beginner
sea,6.0,7.0,109.0,Attacker,Beginner
james,6.0,7.0,90.0,Attacker,Beginner
sarah,6.0,7.0,86.0,Attacker,Beginner
amy,4.0,9.0,82.0,Attacker,Beginner
sarah,5.0,8.0,82.0,Attacker,Beginner
joe,5.0,8.0,59.0,Attacker,Beginner
joe,6.0,7.0,58.0,Attacker,Beginner
Rengoku,7.0,6.0,148.0,Defender,Expert
KatLeo,8.0,5.0,138.0,Defender,Expert
Saitama,8.0,5.0,132.0,Defender,Expert
Descii,7.0,6.0,194.0,Defender,Intermediate
Madara,7.0,6.0,161.0,Defender,Intermediate
santara,7.0,6.0,401.0,Defender,Beginner
Lloyd,8.0,5.0,346.0,Defender,Beginner
Muzan,7.0,6.0,201.0,Defender,Beginner
Doflamingo,6.0,7.0,189.0,Attacker,Beginner
Ghost_12,5.0,8.0,183.0,Attacker,Beginner
Kir@,4.0,9.0,162.0,Attacker,Beginner
Johannes,9.0,4.0,141.0,Defender,Expert
Johannes,8.0,5.0,121.0,Defender,Expert
Johannes,10.0,3.0,115.0,Defender,Expert
Johannes,10.0,3.0,112.0,Defender,Expert
Johannes,8.0,5.0,168.0,Defender,Intermediate
Johannes,7.0,6.0,166.0,Defender,Intermediate
Johannes,6.0,7.0,195.0,Attacker,Beginner
Johannes,4.0,9.0,152.0,Attacker,Beginner
Johannes,6.0,7.0,127.0,Attacker,Beginner
Johannes,5.0,8.0,62.0,Attacker,Beginner
Johannes,5.0,8.0,61.0,Attacker,Beginner
u21475653,10.0,3.0,160.0,Defender,Expert
u21475653,9.0,4.0,154.0,Defender,Expert
u21475653,7.0,6.0,140.0,Defender,Expert
u21475653,7.0,6.0,139.0,Defender,Expert
u21475653,7.0,6.0,173.0,Defender,Intermediate
u21475653,7.0,6.0,205.0,Defender,Beginner
u21475653,5.0,8.0,174.0,Attacker,Beginner
u21475653,6.0,7.0,164.0,Attacker,Beginner
u21475653,6.0,7.0,85.0,Attacker,Beginner
u21475653,5.0,8.0,85.0,Attacker,Beginner
u21475653,2.0,11.0,67.0,Attacker,Beginner
Hercules,7.0,6.0,141.0,Defender,Expert
Dragon Fly,9.0,4.0,131.0,Defender,Expert
Zeus,7.0,5.0,104.0,Defender,Expert
Achilies,11.0,2.0,103.0,Defender,Expert
Jonika,9.0,4.0,200.0,Defender,Intermediate
King Candy,7.0,6.0,196.0,Defender,Intermediate
Vegeta,6.0,7.0,405.0,Attacker,Beginner
David,4.0,9.0,347.0,Attacker,Beginner
Ice Queen,9.0,4.0,281.0,Defender,Beginner
Morgana,10.0,3.0,225.0,Defender,Beginner
Soraka,9.0,4.0,201.0,Defender,Beginner
Sharon,4.0,8.0,176.0,Attacker,Beginner
David,4.0,9.0,168.0,Attacker,Beginner
Josh,6.0,7.0,145.0,Attacker,Beginner
Zorg,6.0,7.0,112.0,Attacker,Beginner
Bassam Lock,7.0,5.0,151.0,Defender,Expert
Stella,8.0,5.0,120.0,Defender,Expert
Bassam Lock,7.0,5.0,119.0,Defender,Expert
Kyara Lin,7.0,6.0,111.0,Defender,Expert
Joceline Biak,7.0,5.0,104.0,Defender,Expert
Kyara Lin,11.0,2.0,200.0,Defender,Intermediate
Stella,4.0,9.0,346.0,Attacker,Beginner
Moses,1.0,12.0,318.0,Attacker,Beginner
Stella,4.0,9.0,262.0,Attacker,Beginner
Mike Qing,7.0,5.0,262.0,Defender,Beginner
Mike Qing,6.0,7.0,210.0,Attacker,Beginner
Fantomas,6.0,7.0,200.0,Attacker,Beginner
Joceline Biak,5.0,7.0,169.0,Attacker,Beginner
Joceline Biak,5.0,6.0,120.0,Attacker,Beginner
Mike Qing,5.0,6.0,119.0,Attacker,Beginner
Bassam Lock,6.0,6.0,109.0,Draw,Beginner
Stella,4.0,9.0,101.0,Attacker,Beginner
Kyara Lin,5.0,8.0,91.0,Attacker,Beginner
Rue,7.0,6.0,108.0,Defender,Expert
Rue,7.0,6.0,102.0,Defender,Expert
Rue,4.0,9.0,272.0,Attacker,Beginner
Rue,7.0,6.0,238.0,Defender,Beginner
Rue,5.0,8.0,136.0,Attacker,Beginner
Rue,3.0,10.0,126.0,Attacker,Beginner
Rue,5.0,8.0,125.0,Attacker,Beginner
Rue,5.0,8.0,114.0,Attacker,Beginner
Rue,3.0,10.0,97.0,Attacker,Beginner
Rue,4.0,9.0,92.0,Attacker,Beginner
Rue,6.0,7.0,89.0,Attacker,Beginner
u21791938,10.0,3.0,197.0,Defender,Intermediate
u21791938,9.0,4.0,187.0,Defender,Intermediate
u21791938,8.0,5.0,178.0,Defender,Intermediate
u21791938,10.0,3.0,166.0,Defender,Intermediate
u21791938,4.0,9.0,261.0,Attacker,Beginner
u21791938,8.0,5.0,220.0,Defender,Beginner
u21791938,8.0,5.0,214.0,Defender,Beginner
u21791938,7.0,6.0,207.0,Defender,Beginner
u21791938,6.0,7.0,201.0,Attacker,Beginner
u21791938,5.0,8.0,184.0,Attacker,Beginner
u21791938,6.0,7.0,182.0,Attacker,Beginner
TD3S,7.0,6.0,160.0,Defender,Expert
TD3S,11.0,2.0,152.0,Defender,Expert
TD3S,8.0,5.0,133.0,Defender,Expert
TD3S,9.0,4.0,182.0,Defender,Intermediate
TD3S,8.0,5.0,169.0,Defender,Intermediate
TD3S,7.0,6.0,169.0,Defender,Intermediate
TD3S,7.0,6.0,164.0,Defender,Intermediate
TD3S,7.0,6.0,162.0,Defender,Intermediate
TD3S,5.0,8.0,314.0,Attacker,Beginner
TD3S,7.0,6.0,237.0,Defender,Beginner
TD3S,8.0,5.0,220.0,Defender,Beginner
Varcolac,8.0,5.0,76.0,Defender,Expert
Varcolac,7.0,6.0,60.0,Defender,Expert
Varcolac,5.0,8.0,201.0,Attacker,Beginner
Varcolac,6.0,7.0,107.0,Attacker,Beginner
Varcolac,4.0,9.0,84.0,Attacker,Beginner
Varcolac,3.0,10.0,63.0,Attacker,Beginner
Varcolac,6.0,7.0,57.0,Attacker,Beginner
Varcolac,3.0,9.0,55.0,Attacker,Beginner
Varcolac,4.0,8.0,55.0,Attacker,Beginner
Varcolac,6.0,7.0,53.0,Attacker,Beginner
Varcolac,6.0,7.0,50.0,Attacker,Beginner
u18003690_SeanBennett,7.0,6.0,142.0,Defender,Expert
u18003690_SeanBennett,7.0,6.0,132.0,Defender,Expert
u18003690_SeanBennett,7.0,6.0,87.0,Defender,Expert
u18003690_SeanBennett,6.0,7.0,203.0,Attacker,Beginner
u18003690_SeanBennett,5.0,8.0,157.0,Attacker,Beginner
u18003690_SeanBennett,6.0,7.0,145.0,Attacker,Beginner
u18003690_SeanBennett,5.0,7.0,126.0,Attacker,Beginner
u18003690_SeanBennett,5.0,8.0,123.0,Attacker,Beginner
u18003690_SeanBennett,5.0,8.0,122.0,Attacker,Beginner
u18003690_SeanBennett,5.0,8.0,88.0,Attacker,Beginner
u18003690_SeanBennett,5.0,8.0,78.0,Attacker,Beginner
u18003690_SeanBennett,6.0,7.0,70.0,Attacker,Beginner
ange,10.0,3.0,113.0,Defender,Expert
GettingBetterAtThisNow,7.0,6.0,100.0,Defender,Expert
OkaySoItsBasicallyJustTiming,10.0,3.0,92.0,Defender,Expert
10andcounting,10.0,3.0,89.0,Defender,Expert
num9,7.0,6.0,89.0,Defender,Expert
4moreleft,7.0,5.0,80.0,Defender,Expert
OkayNVM,8.0,5.0,80.0,Defender,Expert
ONEMORETIMEDUNDUNDUN,9.0,4.0,78.0,Defender,Expert
pips,8.0,5.0,194.0,Defender,Intermediate
pips2,10.0,3.0,170.0,Defender,Intermediate
Angel,6.0,7.0,221.0,Attacker,Beginner
Anele,8.0,5.0,148.0,Defender,Expert
Themba,8.0,5.0,139.0,Defender,Expert
Thato,9.0,4.0,139.0,Defender,Expert
Keo,7.0,6.0,133.0,Defender,Expert
Dineo,8.0,5.0,168.0,Defender,Intermediate
Rori,9.0,4.0,164.0,Defender,Intermediate
Mphoentle Molekoa,4.0,9.0,440.0,Attacker,Beginner
Boity,1.0,12.0,203.0,Attacker,Beginner
Lebo Kekana,5.0,8.0,200.0,Attacker,Beginner
Vuyo,6.0,7.0,167.0,Attacker,Beginner
Oratile,6.0,7.0,156.0,Attacker,Beginner
MythicalElk,8.0,5.0,99.0,Defender,Expert
MythicalElk,7.0,6.0,80.0,Defender,Expert
MythicalElk,7.0,6.0,171.0,Defender,Intermediate
MythicalElk,6.0,7.0,289.0,Attacker,Beginner
MythicalElk,6.0,6.0,172.0,Draw,Beginner
MythicalElk,6.0,7.0,139.0,Attacker,Beginner
MythicalElk,6.0,7.0,135.0,Attacker,Beginner
MythicalElk,6.0,7.0,125.0,Attacker,Beginner
MythicalElk,6.0,7.0,117.0,Attacker,Beginner
MythicalElk,4.0,9.0,116.0,Attacker,Beginner
MythicalElk,4.0,9.0,71.0,Attacker,Beginner
Saajid,7.0,6.0,107.0,Defender,Expert
Dadoo,7.0,5.0,97.0,Defender,Expert
Mahomed,7.0,6.0,83.0,Defender,Expert
Dadoo,7.0,6.0,198.0,Defender,Intermediate
Mo,4.0,9.0,171.0,Attacker,Beginner
Mahomed,4.0,9.0,116.0,Attacker,Beginner
Mahomed Saajid,6.0,7.0,110.0,Attacker,Beginner
Cassim,6.0,7.0,95.0,Attacker,Beginner
Saajid,4.0,9.0,89.0,Attacker,Beginner
Mo,6.0,7.0,84.0,Attacker,Beginner
Mahomed Saajid,6.0,7.0,76.0,Attacker,Beginner
Cassim,6.0,7.0,75.0,Attacker,Beginner
meow,7.0,6.0,154.0,Defender,Expert
wow,10.0,3.0,116.0,Defender,Expert
zun,11.0,2.0,102.0,Defender,Expert
pawl,7.0,5.0,246.0,Defender,Beginner
opti,3.0,10.0,230.0,Attacker,Beginner
opti,5.0,8.0,189.0,Attacker,Beginner
lee,4.0,9.0,177.0,Attacker,Beginner
red,6.0,7.0,158.0,Attacker,Beginner
rodeo,5.0,8.0,113.0,Attacker,Beginner
bunz,4.0,9.0,106.0,Attacker,Beginner
doze,5.0,8.0,105.0,Attacker,Beginner
Rye,9.0,4.0,143.0,Defender,Expert
Rye,8.0,5.0,140.0,Defender,Expert
Rye,10.0,3.0,85.0,Defender,Expert
Rye,9.0,4.0,77.0,Defender,Expert
Rye,9.0,4.0,73.0,Defender,Expert
Rye,8.0,5.0,63.0,Defender,Expert
Rye,8.0,5.0,179.0,Defender,Intermediate
Rye,4.0,9.0,803.0,Attacker,Beginner
Rye,5.0,8.0,474.0,Attacker,Beginner
Rye,6.0,7.0,383.0,Attacker,Beginner
Rye,7.0,6.0,281.0,Defender,Beginner
Rye,7.0,6.0,205.0,Defender,Beginner
U17318905,11.0,2.0,130.0,Defender,Expert
U17318905,8.0,4.0,101.0,Defender,Expert
U17318905,8.0,4.0,99.0,Defender,Expert
U17318905,8.0,5.0,97.0,Defender,Expert
U17318905,8.0,5.0,96.0,Defender,Expert
U17318905,8.0,4.0,95.0,Defender,Expert
U17318905,12.0,1.0,93.0,Defender,Expert
U17318905,8.0,5.0,88.0,Defender,Expert
U17318905,8.0,4.0,87.0,Defender,Expert
U17318905,12.0,1.0,77.0,Defender,Expert
U17318905,11.0,2.0,70.0,Defender,Expert
u18045872,8.0,5.0,116.0,Defender,Expert
u18045872,7.0,6.0,109.0,Defender,Expert
u18045872,12.0,1.0,101.0,Defender,Expert
u18045872,11.0,2.0,99.0,Defender,Expert
u18045872,8.0,5.0,99.0,Defender,Expert
u18045872,11.0,2.0,91.0,Defender,Expert
u18045872,8.0,5.0,87.0,Defender,Expert
u18045872,9.0,4.0,86.0,Defender,Expert
u18045872,8.0,5.0,83.0,Defender,Expert
u18045872,9.0,4.0,181.0,Defender,Intermediate
u18045872,6.0,7.0,266.0,Attacker,Beginner
SudoUser,8.0,5.0,140.0,Defender,Expert
enzo,13.0,0.0,130.0,Defender,Expert
enzo,8.0,5.0,100.0,Defender,Expert
enzo,11.0,2.0,96.0,Defender,Expert
enzo,10.0,3.0,92.0,Defender,Expert
Mark,10.0,3.0,165.0,Defender,Expert
SudoUser,8.0,5.0,163.0,Defender,Intermediate
Mark,5.0,8.0,212.0,Attacker,Beginner
SudoUser,6.0,7.0,157.0,Attacker,Beginner
enzo,6.0,7.0,148.0,Attacker,Beginner
enzo,4.0,9.0,135.0,Attacker,Beginner
u19068035,8.0,5.0,136.0,Defender,Expert
u19068035,8.0,5.0,115.0,Defender,Expert
u19068035,7.0,6.0,101.0,Defender,Expert
u19068035,7.0,6.0,96.0,Defender,Expert
u19068035,6.0,7.0,208.0,Attacker,Beginner
u19068035,5.0,8.0,128.0,Attacker,Beginner
u19068035,4.0,9.0,104.0,Attacker,Beginner
u19068035,6.0,7.0,100.0,Attacker,Beginner
u19068035,5.0,8.0,96.0,Attacker,Beginner
u19068035,6.0,7.0,94.0,Attacker,Beginner
u19068035,5.0,8.0,87.0,Attacker,Beginner
u19068035,3.0,10.0,76.0,Attacker,Beginner
Apple,8.0,5.0,143.0,Defender,Expert
Lenovo,8.0,5.0,101.0,Defender,Expert
Casio,8.0,5.0,282.0,Defender,Beginner
John,5.0,8.0,156.0,Attacker,Beginner
Jimmy,6.0,7.0,149.0,Attacker,Beginner
Samsung,5.0,8.0,122.0,Attacker,Beginner
Astro,6.0,7.0,112.0,Attacker,Beginner
BlueCo,6.0,7.0,94.0,Attacker,Beginner
qwerty,5.0,8.0,79.0,Attacker,Beginner
Vicky,4.0,9.0,73.0,Attacker,Beginner
Jumper,6.0,7.0,72.0,Attacker,Beginner
Penflex,5.0,8.0,67.0,Attacker,Beginner
SihleM,5.0,8.0,473.0,Attacker,Beginner
BellaM,5.0,8.0,400.0,Attacker,Beginner
SfisoM,6.0,7.0,377.0,Attacker,Beginner
MbonsM,7.0,6.0,334.0,Defender,Beginner
NomsM,6.0,7.0,282.0,Attacker,Beginner
BellaM,7.0,6.0,273.0,Defender,Beginner
SfisoM,10.0,3.0,263.0,Defender,Beginner
SihleM,5.0,8.0,255.0,Attacker,Beginner
hhhaaaM,9.0,4.0,230.0,Defender,Beginner
MbonsM,9.0,4.0,220.0,Defender,Beginner
hhhaaa,4.0,9.0,199.0,Attacker,Beginner
Mikasa,7.0,6.0,128.0,Defender,Expert
Makima,8.0,5.0,126.0,Defender,Expert
LeviAckerman,8.0,5.0,121.0,Defender,Expert
LoidForger,7.0,6.0,117.0,Defender,Expert
YorForger,11.0,2.0,110.0,Defender,Expert
ErenJaeger,7.0,6.0,110.0,Defender,Expert
AnyaForger,11.0,2.0,84.0,Defender,Expert
Itachi,8.0,5.0,194.0,Defender,Intermediate
ArminArlet,9.0,4.0,167.0,Defender,Intermediate
SlimShady,6.0,7.0,198.0,Attacker,Beginner
ZekeJaeger,5.0,8.0,143.0,Attacker,Beginner
Kreolan,5.0,8.0,236.0,Attacker,Beginner
Kreolan,6.0,7.0,86.0,Attacker,Beginner
Kreolan,5.0,8.0,133.0,Attacker,Beginner
Kreolan,4.0,9.0,150.0,Attacker,Beginner
Kreolan,120.,1.0,254.0,Defender,Beginner
Kreolan,5.0,8.0,228.0,Attacker,Beginner
Kreolan,6.0,7.0,299.0,Attacker,Beginner
Kreolan,7.0,6.0,95.0,Defender,Beginner
Kreolan,9.0,4.0,302.0,Defender,Beginner
Kreolan,9.0,4.0,290.0,Defender,Beginner
Kreolan,3.0,10.0,85.0,Attacker,Beginner
JoshP,7.0,6.0,151.0,Defender,Expert
JoshP,5.0,8.0,351.0,Attacker,Beginner
Greg,8.0,5.0,246.0,Defender,Beginner
JoshP,6.0,7.0,238.0,Attacker,Beginner
Han,4.0,9.0,200.0,Attacker,Beginner
Greg,6.0,7.0,163.0,Attacker,Beginner
JoshP,4.0,9.0,163.0,Attacker,Beginner
Han,5.0,8.0,163.0,Attacker,Beginner
Mikey,6.0,7.0,161.0,Attacker,Beginner
JoshP,6.0,7.0,146.0,Attacker,Beginner
JoshP,4.0,9.0,125.0,Attacker,Beginner
kamo,7.0,6.0,171.0,Defender,Intermediate
jake,6.0,7.0,337.0,Attacker,Beginner
kgomo,6.0,7.0,327.0,Attacker,Beginner
billy,6.0,7.0,285.0,Attacker,Beginner
mpho,6.0,7.0,146.0,Attacker,Beginner
victor,5.0,8.0,138.0,Attacker,Beginner
animal,4.0,9.0,123.0,Attacker,Beginner
kevin,3.0,10.0,123.0,Attacker,Beginner
dsae,2.0,11.0,121.0,Attacker,Beginner
Jetty,5.0,8.0,114.0,Attacker,Beginner
jake,0.0,13.0,103.0,Attacker,Beginner
ShatterMachine,8.0,5.0,141.0,Defender,Expert
TimelessStorm,7.0,6.0,133.0,Defender,Expert
Takesoup,8.0,5.0,133.0,Defender,Expert
TheBountyHunter,11.0,2.0,118.0,Defender,Expert
TheBountyHunter,11.0,2.0,102.0,Defender,Expert
LearningTree,7.0,6.0,169.0,Defender,Intermediate
TimelessStorm,6.0,7.0,195.0,Attacker,Beginner
AmericanDragon,5.0,8.0,186.0,Attacker,Beginner
Takesoup,5.0,8.0,178.0,Attacker,Beginner
LearningTree,5.0,8.0,168.0,Attacker,Beginner
AmericanDragon,6.0,7.0,146.0,Attacker,Beginner
Simz,4.0,9.0,537.0,Attacker,Beginner
Green,5.0,8.0,321.0,Attacker,Beginner
noob v2,7.0,6.0,155.0,Defender,Expert
i am nooby,7.0,6.0,145.0,Defender,Expert
lets_win,8.0,5.0,124.0,Defender,Expert
#winning_streak,12.0,1.0,108.0,Defender,Expert
its the final countdown,9.0,4.0,98.0,Defender,Expert
ghost_protocol,12.0,1.0,88.0,Defender,Expert
noob,2.0,11.0,252.0,Attacker,Beginner
Gamer Pro,7.0,6.0,219.0,Defender,Beginner
dwarph,5.0,8.0,206.0,Attacker,Beginner
the phantom,6.0,7.0,168.0,Attacker,Beginner
can_i_win_?,5.0,8.0,124.0,Attacker,Beginner
Cameron,7.0,6.0,58.0,Defender,Expert
Cameron,7.0,6.0,51.0,Defender,Expert
Cameron,7.0,6.0,47.0,Defender,Expert
Cameron,6.0,7.0,112.0,Attacker,Beginner
Cameron,3.0,10.0,70.0,Attacker,Beginner
Cameron,4.0,9.0,52.0,Attacker,Beginner
Cameron,5.0,8.0,52.0,Attacker,Beginner
Cameron,6.0,7.0,51.0,Attacker,Beginner
Cameron,5.0,8.0,48.0,Attacker,Beginner
Cameron,6.0,7.0,48.0,Attacker,Beginner
Player 08,7.0,6.0,75.0,Defender,Expert
Player 10,7.0,6.0,42.0,Defender,Expert
Player 01,6.0,7.0,199.0,Attacker,Beginner
Player 02,5.0,8.0,62.0,Attacker,Beginner
Player 07,4.0,9.0,51.0,Attacker,Beginner
Player 04,6.0,7.0,50.0,Attacker,Beginner
Player 03,5.0,8.0,47.0,Attacker,Beginner
Player 05,5.0,8.0,46.0,Attacker,Beginner
Player 06,4.0,9.0,44.0,Attacker,Beginner
Player 09,5.0,8.0,41.0,Attacker,Beginner
luigi,8.0,5.0,137.0,Defender,Expert
koopa,8.0,5.0,124.0,Defender,Expert
lakitu,8.0,4.0,122.0,Defender,Expert
boo,9.0,4.0,114.0,Defender,Expert
peach,7.0,6.0,111.0,Defender,Expert
toad,8.0,5.0,103.0,Defender,Expert
daisy,11.0,2.0,103.0,Defender,Expert
mario,7.0,6.0,173.0,Defender,Intermediate
donkeykong,9.0,4.0,171.0,Defender,Intermediate
bowser,7.0,6.0,253.0,Defender,Beginner
yoshi,7.0,6.0,210.0,Defender,Beginner
MikeWest,7.0,6.0,226.0,Defender,Beginner
Kuziwa3,8.0,5.0,128.0,Defender,Expert
Kuziwa,10.0,3.0,121.0,Defender,Expert
mechamucho,9.0,4.0,119.0,Defender,Expert
phantom,7.0,6.0,117.0,Defender,Expert
impertinent,7.0,6.0,95.0,Defender,Expert
rico,8.0,5.0,89.0,Defender,Expert
izuku,10.0,3.0,83.0,Defender,Expert
Kuziwa,9.0,4.0,164.0,Defender,Intermediate
gaburincho,6.0,7.0,104.0,Attacker,Beginner
dictus,6.0,7.0,81.0,Attacker,Beginner
tim,5.0,8.0,78.0,Attacker,Beginner
Jack,4.0,9.0,394.0,Attacker,Beginner
Kayla,6.0,7.0,353.0,Attacker,Beginner
John,8.0,5.0,322.0,Defender,Beginner
Mia,7.0,6.0,295.0,Defender,Beginner
John,6.0,7.0,207.0,Attacker,Beginner
Kayla,6.0,7.0,200.0,Attacker,Beginner
Josh,6.0,7.0,198.0,Attacker,Beginner
Mike,6.0,7.0,189.0,Attacker,Beginner
Tee,6.0,7.0,175.0,Attacker,Beginner
Jack,6.0,7.0,153.0,Attacker,Beginner
Mia,5.0,7.0,146.0,Attacker,Beginner
Big Boy,10.0,3.0,145.0,Defender,Expert
Big Boy,7.0,6.0,139.0,Defender,Expert
Big Boy,12.0,1.0,120.0,Defender,Expert
Big Boy,10.0,3.0,168.0,Defender,Intermediate
Big Boy,8.0,5.0,161.0,Defender,Intermediate
Big Boy,5.0,8.0,263.0,Attacker,Beginner
Big Boy,10.0,3.0,248.0,Defender,Beginner
Big Boy,6.0,6.0,218.0,Draw,Beginner
Big Boy,7.0,5.0,211.0,Defender,Beginner
Big Boy,5.0,8.0,173.0,Attacker,Beginner
Big Boy,6.0,6.0,162.0,Draw,Beginner
Black Spider,11.0,2.0,159.0,Defender,Expert
Black Spider,9.0,4.0,147.0,Defender,Expert
Black Spider,8.0,5.0,144.0,Defender,Expert
willy,7.0,6.0,141.0,Defender,Expert
Black Spider,9.0,4.0,141.0,Defender,Expert
willy,7.0,6.0,137.0,Defender,Expert
Black Spider,7.0,6.0,135.0,Defender,Expert
Black Spider,9.0,4.0,199.0,Defender,Intermediate
Black Spider,8.0,5.0,171.0,Defender,Intermediate
Black Spider,9.0,4.0,165.0,Defender,Intermediate
Black Spider,8.0,5.0,248.0,Defender,Beginner
CeeCe,7.0,6.0,150.0,Defender,Expert
CeeCe,7.0,6.0,147.0,Defender,Expert
CeeCe,9.0,4.0,176.0,Defender,Intermediate
CeeCe,11.0,2.0,173.0,Defender,Intermediate
CeeCe,9.0,4.0,171.0,Defender,Intermediate
CeeCe,7.0,6.0,171.0,Defender,Intermediate
CeeCe,7.0,6.0,202.0,Defender,Beginner
CeeCe,6.0,7.0,168.0,Attacker,Beginner
CeeCe,6.0,7.0,157.0,Attacker,Beginner
CeeCe,6.0,7.0,148.0,Attacker,Beginner
CeeCe,4.0,9.0,134.0,Attacker,Beginner
,8.0,5.0,139.0,Defender,Expert
,10.0,3.0,135.0,Defender,Expert
,7.0,6.0,133.0,Defender,Expert
,7.0,6.0,132.0,Defender,Expert
,9.0,4.0,192.0,Defender,Intermediate
,8.0,5.0,187.0,Defender,Intermediate
,8.0,5.0,182.0,Defender,Intermediate
,6.0,7.0,245.0,Attacker,Beginner
,6.0,7.0,211.0,Attacker,Beginner
,5.0,8.0,166.0,Attacker,Beginner
Luan,9.0,4.0,145.0,Defender,Expert
Luan,8.0,5.0,139.0,Defender,Expert
Luan,8.0,5.0,124.0,Defender,Expert
Luan,10.0,3.0,114.0,Defender,Expert
Luan,11.0,2.0,110.0,Defender,Expert
Luan,9.0,4.0,109.0,Defender,Expert
Luan,7.0,6.0,100.0,Defender,Expert
Luan,7.0,6.0,90.0,Defender,Expert
Luan,7.0,6.0,84.0,Defender,Expert
Luan,7.0,6.0,200.0,Defender,Intermediate
Luan,4.0,9.0,153.0,Attacker,Beginner
Bianca,10.0,3.0,152.0,Defender,Expert
Bianca,10.0,3.0,152.0,Defender,Expert
Bianca,10.0,3.0,142.0,Defender,Expert
Bianca,11.0,2.0,133.0,Defender,Expert
Bianca,8.0,4.0,127.0,Defender,Expert
Bianca,9.0,4.0,195.0,Defender,Intermediate
Bianca,10.0,3.0,182.0,Defender,Intermediate
Bianca,8.0,5.0,180.0,Defender,Intermediate
Bianca,8.0,5.0,164.0,Defender,Intermediate
Bianca,7.0,6.0,162.0,Defender,Intermediate
Bianca,6.0,7.0,260.0,Attacker,Beginner
aloe,7.0,6.0,143.0,Defender,Expert
Yara,10.0,3.0,124.0,Defender,Expert
Haya,12.0,1.0,110.0,Defender,Expert
Oud,7.0,6.0,194.0,Defender,Intermediate
lolo,4.0,9.0,419.0,Attacker,Beginner
kels,5.0,8.0,393.0,Attacker,Beginner
mimo,4.0,8.0,261.0,Attacker,Beginner
plam,7.0,6.0,250.0,Defender,Beginner
Rabbi,10.0,3.0,225.0,Defender,Beginner
bun,5.0,8.0,144.0,Attacker,Beginner
nano,5.0,8.0,139.0,Attacker,Beginner
u21681458,10.0,3.0,153.0,Defender,Expert
u21681458,7.0,6.0,149.0,Defender,Expert
u21681458,8.0,5.0,132.0,Defender,Expert
u21681458,9.0,4.0,124.0,Defender,Expert
u21681458,8.0,5.0,113.0,Defender,Expert
u21681458,13.0,0.0,112.0,Defender,Expert
u21681458,11.0,2.0,109.0,Defender,Expert
u21681458,10.0,3.0,93.0,Defender,Expert
u21681458,9.0,4.0,91.0,Defender,Expert
u21681458,7.0,6.0,177.0,Defender,Intermediate
u21681458,8.0,5.0,166.0,Defender,Intermediate
John,7.0,6.0,817.0,Defender,Beginner
Ben,7.0,6.0,316.0,Defender,Beginner
u22001876,6.0,7.0,315.0,Attacker,Beginner
Kabelo,8.0,5.0,311.0,Defender,Beginner
Alex,3.0,9.0,281.0,Attacker,Beginner
Kganshi,8.0,5.0,276.0,Defender,Beginner
King,8.0,5.0,142.0,Defender,Expert
Liya,11.0,2.0,132.0,Defender,Expert
King,9.0,4.0,117.0,Defender,Expert
Tony,9.0,4.0,115.0,Defender,Expert
TonyKing,12.0,1.0,105.0,Defender,Expert
Tony,9.0,4.0,103.0,Defender,Expert
Liya,9.0,4.0,173.0,Defender,Intermediate
Liya,8.0,5.0,335.0,Defender,Beginner
TonyKing,4.0,9.0,305.0,Attacker,Beginner
Tony,5.0,8.0,279.0,Attacker,Beginner
TonyKing,5.0,7.0,261.0,Attacker,Beginner
TonyKing,9.0,4.0,206.0,Defender,Beginner
Liya,6.0,7.0,131.0,Attacker,Beginner
makasi,4.0,9.0,322.0,Attacker,Beginner
makasi,4.0,9.0,310.0,Attacker,Beginner
makasi,6.0,7.0,305.0,Attacker,Beginner
makasi,6.0,6.0,293.0,Draw,Beginner
makasi,5.0,8.0,282.0,Attacker,Beginner
makasi,6.0,7.0,280.0,Attacker,Beginner
makasi,5.0,8.0,248.0,Attacker,Beginner
makasi,2.0,11.0,239.0,Attacker,Beginner
makasi,5.0,8.0,227.0,Attacker,Beginner
makasi,6.0,7.0,225.0,Attacker,Beginner
makasi,4.0,9.0,170.0,Attacker,Beginner
Fana,12.0,1.0,160.0,Defender,Expert
Buma,8.0,5.0,157.0,Defender,Expert
chewbaca,7.0,6.0,156.0,Defender,Expert
Ndinda,8.0,5.0,150.0,Defender,Expert
Jawa,8.0,5.0,179.0,Defender,Intermediate
Jawa,6.0,7.0,1484.0,Attacker,Beginner
Puki,5.0,8.0,1002.0,Attacker,Beginner
chewbaca,5.0,8.0,291.0,Attacker,Beginner
Puki,8.0,5.0,223.0,Defender,Beginner
Jawa,9.0,4.0,206.0,Defender,Beginner
Moi,6.0,7.0,152.0,Attacker,Beginner
Ben Dover,8.0,5.0,129.0,Defender,Expert
Cara,6.0,7.0,304.0,Attacker,Beginner
niel,6.0,7.0,228.0,Attacker,Beginner
u24012557,7.0,6.0,226.0,Defender,Beginner
COFFEEMAN,5.0,7.0,225.0,Attacker,Beginner
jonty,5.0,8.0,154.0,Attacker,Beginner
mikeoxlong,6.0,7.0,115.0,Attacker,Beginner
Hugh Jazz,6.0,7.0,109.0,Attacker,Beginner
smegm,5.0,8.0,107.0,Attacker,Beginner
GARDENER,6.0,7.0,103.0,Attacker,Beginner
Bruce Wayne,7.0,6.0,131.0,Defender,Expert
Vandal Savage,7.0,6.0,130.0,Defender,Expert
KK Masutha,6.0,6.0,165.0,Draw,Beginner
Shaq O'neil,4.0,8.0,135.0,Attacker,Beginner
Sade Adu,6.0,7.0,129.0,Attacker,Beginner
Michael Holt,4.0,9.0,125.0,Attacker,Beginner
Dr. Steven Strange,6.0,7.0,122.0,Attacker,Beginner
Tony Stark,6.0,7.0,122.0,Attacker,Beginner
Lex Luthor,6.0,7.0,121.0,Attacker,Beginner
Michael B Jordan,4.0,8.0,119.0,Attacker,Beginner
Miles Morales,6.0,7.0,114.0,Attacker,Beginner
Marcus Aurelius,2.0,10.0,113.0,Attacker,Beginner
KESS,6.0,7.0,537.0,Attacker,Beginner
Lulama,7.0,5.0,524.0,Defender,Beginner
OKLAMA,5.0,8.0,374.0,Attacker,Beginner
Darth,7.0,6.0,321.0,Defender,Beginner
Shaka,6.0,7.0,310.0,Attacker,Beginner
Deadpool,4.0,9.0,305.0,Attacker,Beginner
Vader,5.0,8.0,303.0,Attacker,Beginner
Sith,7.0,6.0,288.0,Defender,Beginner
Lulamela,5.0,8.0,287.0,Attacker,Beginner
Lu,6.0,7.0,283.0,Attacker,Beginner
NOZULU,6.0,7.0,270.0,Attacker,Beginner
u21618543,11,2,112,Defender,Expert
u21618543,10,3,105,Defender,Expert
u21618543,8,5,96,Defender,Expert
u21618543,7,6,174,Defender,Intermediate
u21618543,4,9,202,Attacker,Beginner
u21618543,6,7,113,Attacker,Beginner
u21618543,5,8,111,Attacker,Beginner
u21618543,5,8,108,Attacker,Beginner
u21618543,6,7,97,Attacker,Beginner
u21618543,6,7,79,Attacker,Beginner
